,Unnamed: 0,0,1,2,3,4,5,processed,sentiments
0,200,201,763167345405784064,2016-08-10 00:17:28.000000,realDonaldTrump,Thank you @SenatorFischer! #TrumpPence16https://t.co/RMtU6aRZTQ,positive,Thank you @SenatorFischer! #TrumpPence16https://t.co/RMtU6aRZTQ,0.96857556568
1,201,202,763119571309998083,2016-08-09 21:07:38.000000,realDonaldTrump,"Thank you Wilmington, North Carolina!#MakeAmericaGreatAgain https://t.co/ZnnaSPF5or",positive,"Thank you Wilmington, North Carolina!#MakeAmericaGreatAgain https://t.co/ZnnaSPF5or",0.960507242065
2,202,203,763115058058629120,2016-08-09 20:49:42.000000,realDonaldTrump,RT @NRA: But there IS something we will do on #ElectionDay: Show up and vote for the #2A! #DefendtheSecond #NeverHillary,positive,RT @NRA: But there IS something we will do on #ElectionDay: Show up and vote for the #2A! #DefendtheSecond #NeverHillary,0.00358975711523
3,203,204,763115041675706368,2016-08-09 20:49:38.000000,realDonaldTrump,"RT @NRA: .@RealDonaldTrump is right. If @HillaryClinton gets to pick her anti-#2A #SCOTUS judges, there?s nothing we can do. #NeverHillary",negative,"RT @NRA: .@RealDonaldTrump is right. If @HillaryClinton gets to pick her anti-#2A #SCOTUS judges, there?s nothing we can do. #NeverHillary",0.937158461474
4,204,205,763106393922600960,2016-08-09 20:15:16.000000,realDonaldTrump,"RT @Carl_C_Icahn: 2/2  How many of our presidents, even our great presidents, would have handled the antics that went on in that auditorium?",neutral,"RT @Carl_C_Icahn: 2/2  How many of our presidents, even our great presidents, would have handled the antics that went on in that auditorium?",0.553760501203
5,205,206,763106383092977664,2016-08-09 20:15:14.000000,realDonaldTrump,RT @Carl_C_Icahn: 1/2   Believe Trump gave a great speech.,positive,RT @Carl_C_Icahn: 1/2   Believe Trump gave a great speech.,0.945629030155
6,206,207,762982360853905408,2016-08-09 12:02:25.000000,realDonaldTrump,"""@LinHen23:  @foxandfriends Loved Trump's answers to voters questions this morning! Trump's economic plan will help #MAGA #NeverHillary""",positive,"""@LinHen23:  @foxandfriends Loved Trump's answers to voters questions this morning! Trump's economic plan will help #MAGA #NeverHillary""",0.0150259014582
7,207,208,762982142783676416,2016-08-09 12:01:33.000000,realDonaldTrump,"""@sprts08: @realDonaldTrump @foxandfriends great interview.....all solid points on our economy TRUMP2016""",positive,"""@sprts08: @realDonaldTrump @foxandfriends great interview.....all solid points on our economy TRUMP2016""",0.992776220838
8,208,209,762981606755856384,2016-08-09 11:59:25.000000,realDonaldTrump,"I am running against the Washington insiders, just like I did in the Republican Primaries. These are the people that have made U.S. a mess!",negative,"I am running against the Washington insiders, just like I did in the Republican Primaries. These are the people that have made U.S. a mess!",0.000250997478236
9,209,210,762974889275953152,2016-08-09 11:32:43.000000,realDonaldTrump,Will be interviewed on @foxandfriends now!,neutral,Will be interviewed on @foxandfriends now!,0.153186961914
10,210,211,762842126900015105,2016-08-09 02:45:10.000000,realDonaldTrump,Being in Detroit today was wonderful. Quick stop in Ohio to meet with some of our great supporters. Just got back home!,positive,Being in Detroit today was wonderful. Quick stop in Ohio to meet with some of our great supporters. Just got back home!,0.972579075572
11,211,212,762815755423518720,2016-08-09 01:00:23.000000,realDonaldTrump,"RT @FieldofFight: We Can Do Better, We Must Do Better, We Will Do Better By LTG (R) Keith Kellogg and LTG (R) Michael Flynn @GenFlynn http?",positive,"RT @FieldofFight: We Can Do Better, We Must Do Better, We Will Do Better By LTG (R) Keith Kellogg and LTG (R) Michael Flynn @GenFlynn http?",0.0156745261915
12,212,213,762790167732035585,2016-08-08 23:18:42.000000,realDonaldTrump,"'As Senator Clinton promised 200,000 jobs in Upstate New York - her efforts fell flat.' https://t.co/I2WqZb5N8P https://t.co/i5S3mtJWpe",negative,"'As Senator Clinton promised 200,000 jobs in Upstate New York - her efforts fell flat.' https://t.co/I2WqZb5N8P https://t.co/i5S3mtJWpe",0.0340953624359
13,213,214,762781826549030912,2016-08-08 22:45:33.000000,realDonaldTrump,Many people are saying that the Iranians killed the scientist who helped the U.S. because of Hillary Clinton's hacked emails.,negative,Many people are saying that the Iranians killed the scientist who helped the U.S. because of Hillary Clinton's hacked emails.,0.114636238365
14,214,215,762781418778791936,2016-08-08 22:43:56.000000,realDonaldTrump,Thank you Newt!  https://t.co/Acg0hMvrpr,positive,Thank you Newt!  https://t.co/Acg0hMvrpr,0.98974178958
15,215,216,762777166476025856,2016-08-08 22:27:02.000000,realDonaldTrump,Thank you Congressman Steven Palazzo! https://t.co/R5Z4CGfjqJ https://t.co/XGSIJJQiGJ,positive,Thank you Congressman Steven Palazzo! https://t.co/R5Z4CGfjqJ https://t.co/XGSIJJQiGJ,0.859804484513
16,216,217,762776440681095169,2016-08-08 22:24:09.000000,realDonaldTrump,Thank you Senator David Perdue!https://t.co/d0dCUZ20jf https://t.co/LmfiGByFPb,positive,Thank you Senator David Perdue!https://t.co/d0dCUZ20jf https://t.co/LmfiGByFPb,0.859804484513
17,217,218,762775525756514304,2016-08-08 22:20:31.000000,realDonaldTrump,Thank you @RepLouBarletta!https://t.co/bre8u93vac https://t.co/eKtSXUw51R,positive,Thank you @RepLouBarletta!https://t.co/bre8u93vac https://t.co/eKtSXUw51R,0.859804484513
18,218,219,762774321580367872,2016-08-08 22:15:44.000000,realDonaldTrump,Thank you @NFIB- together we will #MakeAmericaGreatAgain!  https://t.co/wQQIHQKsdK,positive,Thank you @NFIB- together we will #MakeAmericaGreatAgain!  https://t.co/wQQIHQKsdK,0.979976315522
19,219,220,762773468479889409,2016-08-08 22:12:21.000000,realDonaldTrump,Thank you!  https://t.co/4p0hzpkVWF,positive,Thank you!  https://t.co/4p0hzpkVWF,0.98974178958
20,220,221,762771974657495041,2016-08-08 22:06:25.000000,realDonaldTrump,Thank you Alex!  https://t.co/c2uIa7mndP,positive,Thank you Alex!  https://t.co/c2uIa7mndP,0.98974178958
21,221,222,762743923697672192,2016-08-08 20:14:57.000000,realDonaldTrump,"RT @NFIB: .@NFIB encouraged by @realDonaldTrump?s #taxplan, says #smallbiz would benefit from lower tax rate: https://t.co/JCQCvXj9WC",positive,"RT @NFIB: .@NFIB encouraged by @realDonaldTrump?s #taxplan, says #smallbiz would benefit from lower tax rate: https://t.co/JCQCvXj9WC",0.000130388619054
22,222,223,762669882571980801,2016-08-08 15:20:44.000000,realDonaldTrump,My economic policy speech will be carried live at 12:15 P.M. Enjoy!,neutral,My economic policy speech will be carried live at 12:15 P.M. Enjoy!,0.276257392462
23,223,224,762641595439190016,2016-08-08 13:28:20.000000,realDonaldTrump,"Join me in Fayetteville, North Carolina tomorrow evening at 6pm. Tickets now available at: https://t.co/Z80d4MYIg8",neutral,"Join me in Fayetteville, North Carolina tomorrow evening at 6pm. Tickets now available at: https://t.co/Z80d4MYIg8",0.00383871294858
24,224,225,762439658911338496,2016-08-08 00:05:54.000000,realDonaldTrump,"#ICYMI: ""Will Media Apologize to Trump?"" https://t.co/ia7rKBmioA",neutral,"#ICYMI: ""Will Media Apologize to Trump?"" https://t.co/ia7rKBmioA",0.0213333922721
25,225,226,762425371874557952,2016-08-07 23:09:08.000000,realDonaldTrump,"Michael Morell, the lightweight former Acting Director of C.I.A., and a man who has made serious bad calls, is a total Clinton flunky!",negative,"Michael Morell, the lightweight former Acting Director of C.I.A., and a man who has made serious bad calls, is a total Clinton flunky!",0.00477850101419
26,226,227,762400869858115588,2016-08-07 21:31:46.000000,realDonaldTrump,"The media is going crazy. They totally distort so many things on purpose. Crimea, nuclear, ""the baby"" and so much more. Very dishonest!",negative,"The media is going crazy. They totally distort so many things on purpose. Crimea, nuclear, ""the baby"" and so much more. Very dishonest!",0.000766208518063
27,227,228,762399410940706816,2016-08-07 21:25:58.000000,realDonaldTrump,RT @DRUDGE_REPORT: CLINTON EMAIL LED TO EXECUTION IN IRAN? https://t.co/4rY1faptL6,negative,RT @DRUDGE_REPORT: CLINTON EMAIL LED TO EXECUTION IN IRAN? https://t.co/4rY1faptL6,0.00126242054314
28,228,229,762284533341417472,2016-08-07 13:49:29.000000,realDonaldTrump,I see where Mayor Stephanie Rawlings-Blake of Baltimore is pushing Crooked hard. Look at the job she has done in Baltimore. She is a joke!,negative,I see where Mayor Stephanie Rawlings-Blake of Baltimore is pushing Crooked hard. Look at the job she has done in Baltimore. She is a joke!,0.0180910071119
29,229,230,762110918721310721,2016-08-07 02:19:37.000000,realDonaldTrump,"Thank you Windham, New Hampshire! #TrumpPence16 #MAGA https://t.co/ZL4Q01Q49s",positive,"Thank you Windham, New Hampshire! #TrumpPence16 #MAGA https://t.co/ZL4Q01Q49s",0.709223992685
30,230,231,762106904436961280,2016-08-07 02:03:39.000000,realDonaldTrump,.@Larry_Kudlow - 'Donald Trump Is the middle-class growth candidate'https://t.co/YbqkhWNm0g,positive,.@Larry_Kudlow - 'Donald Trump Is the middle-class growth candidate'https://t.co/YbqkhWNm0g,0.880387921231
31,231,232,762104411707568128,2016-08-07 01:53:45.000000,realDonaldTrump,"I am not just running against Crooked Hillary Clinton, I am running against the very dishonest and totally biased media - but I will win!",negative,"I am not just running against Crooked Hillary Clinton, I am running against the very dishonest and totally biased media - but I will win!",0.00481456185334
32,232,233,762016426102296576,2016-08-06 20:04:08.000000,realDonaldTrump,#CrookedHillary is not fit to be our next president! #TrumpPence16 https://t.co/I0zJO2sZKk,negative,#CrookedHillary is not fit to be our next president! #TrumpPence16 https://t.co/I0zJO2sZKk,0.0497898067889
33,233,234,761988164382756864,2016-08-06 18:11:50.000000,realDonaldTrump,"Heading to New Hampshire - will be talking about Hillary saying her brain SHORT CIRCUITED, and other things!",negative,"Heading to New Hampshire - will be talking about Hillary saying her brain SHORT CIRCUITED, and other things!",0.226657832902
34,234,235,761936929902452740,2016-08-06 14:48:14.000000,realDonaldTrump,"Anybody whose mind ""SHORT CIRCUITS"" is not fit to be our president! Look up the word ""BRAINWASHED.""",negative,"Anybody whose mind ""SHORT CIRCUITS"" is not fit to be our president! Look up the word ""BRAINWASHED.""",0.00214367069657
35,235,236,761931010548305920,2016-08-06 14:24:43.000000,realDonaldTrump,"Crooked Hillary said loudly, and for the world to see, that she ""SHORT CIRCUITED"" when answering a question on her e-mails. Very dangerous!",negative,"Crooked Hillary said loudly, and for the world to see, that she ""SHORT CIRCUITED"" when answering a question on her e-mails. Very dangerous!",0.53136247034
36,236,237,761892829434183684,2016-08-06 11:53:00.000000,realDonaldTrump,Hillary Clinton is being badly criticized for her poor performance in answering questions. Let us all see what happens!,negative,Hillary Clinton is being badly criticized for her poor performance in answering questions. Let us all see what happens!,0.0236403268707
37,237,238,761773576101953536,2016-08-06 03:59:08.000000,realDonaldTrump,Good luck #TeamUSA#OpeningCeremony #Rio2016 https://t.co/mS8qsQpJPh,positive,Good luck #TeamUSA#OpeningCeremony #Rio2016 https://t.co/mS8qsQpJPh,0.00207997489439
38,238,239,761757988516401153,2016-08-06 02:57:11.000000,realDonaldTrump,'Trump is right about violent crime: It?s on the rise in major cities'https://t.co/XbnZ5vktGk,negative,'Trump is right about violent crime: It?s on the rise in major cities'https://t.co/XbnZ5vktGk,0.0178410231659
39,239,240,761754898602061824,2016-08-06 02:44:55.000000,realDonaldTrump,"Thank you Green Bay, Wisconsin! Governor @Mike_Pence and I will be back soon. #TrumpPence16 #MAGA https://t.co/qsYbyrm3UR",positive,"Thank you Green Bay, Wisconsin! Governor @Mike_Pence and I will be back soon. #TrumpPence16 #MAGA https://t.co/qsYbyrm3UR",0.963358672297
40,240,241,761711856457125888,2016-08-05 23:53:53.000000,realDonaldTrump,DON'T LET HILLARY CLINTON DO IT AGAIN!#TrumpPence16https://t.co/1mGkPNZPKF,negative,DON'T LET HILLARY CLINTON DO IT AGAIN!#TrumpPence16https://t.co/1mGkPNZPKF,0.650276899069
41,241,242,761693803120041986,2016-08-05 22:42:08.000000,realDonaldTrump,"Thank you Des Moines, Iowa! Governor @Mike_Pence and I appreciate your support! #MAGA #TrumpTrain https://t.co/gr6tGqqmcm",positive,"Thank you Des Moines, Iowa! Governor @Mike_Pence and I appreciate your support! #MAGA #TrumpTrain https://t.co/gr6tGqqmcm",0.96640113869
42,242,243,761653875413618689,2016-08-05 20:03:29.000000,realDonaldTrump,#MakeAmericaSafeAgain https://t.co/5yuLKyh8Q6,positive,#MakeAmericaSafeAgain https://t.co/5yuLKyh8Q6,0.0738840504469
43,243,244,761645207909568512,2016-08-05 19:29:02.000000,realDonaldTrump,RT @DRUDGE_REPORT: FORMER HOSTAGE SAYS PLANE WAITED UNTIL MONEY ARRIVED... https://t.co/Uo0MS6w9OQ,negative,RT @DRUDGE_REPORT: FORMER HOSTAGE SAYS PLANE WAITED UNTIL MONEY ARRIVED... https://t.co/Uo0MS6w9OQ,0.0611868598559
44,244,245,761645187986620416,2016-08-05 19:28:58.000000,realDonaldTrump,RT @DRUDGE_REPORT: 'Win-lose deal that benefits Iran and hurts United States'... https://t.co/zqpeNCouXc,negative,RT @DRUDGE_REPORT: 'Win-lose deal that benefits Iran and hurts United States'... https://t.co/zqpeNCouXc,0.408697814242
45,245,246,761549461893984256,2016-08-05 13:08:35.000000,realDonaldTrump,Hillary Clinton has bad judgment and is unfit to serve as President.https://t.co/3EzG620fpT,negative,Hillary Clinton has bad judgment and is unfit to serve as President.https://t.co/3EzG620fpT,0.00499596313426
46,246,247,761511930238496772,2016-08-05 10:39:27.000000,realDonaldTrump,"The plane I saw on television was the hostage plane in Geneva, Switzerland, not the plane carrying $400 million in cash going to Iran!",negative,"The plane I saw on television was the hostage plane in Geneva, Switzerland, not the plane carrying $400 million in cash going to Iran!",0.00223305476599
47,247,248,761386080272875520,2016-08-05 02:19:22.000000,realDonaldTrump,President Obama refuses to answer question about Iran terror funding.  I won't dodge questions as your President. https://t.co/jsAMGO3s4P,negative,President Obama refuses to answer question about Iran terror funding.  I won't dodge questions as your President. https://t.co/jsAMGO3s4P,0.000611335005305
48,248,249,761386025323225088,2016-08-05 02:19:08.000000,realDonaldTrump,"Obama's disastrous judgment gave us ISIS, rise of Iran, and the worst economic numbers since the Great Depression!",negative,"Obama's disastrous judgment gave us ISIS, rise of Iran, and the worst economic numbers since the Great Depression!",0.0762078452434
49,249,250,761385812390977536,2016-08-05 02:18:18.000000,realDonaldTrump,President Obama should ask the DNC about how they rigged the election against Bernie.,negative,President Obama should ask the DNC about how they rigged the election against Bernie.,0.0109057916532
50,250,251,761385317169496064,2016-08-05 02:16:20.000000,realDonaldTrump,"See you tomorrow w/ Gov. @Mike_Pence, Iowa &amp; Wisconsin! 3pm- https://t.co/3Hcnzj0Slx7pm- https://t.co/sEwLWkn1Sz https://t.co/UODSMp0oTo",neutral,"See you tomorrow w/ Gov. @Mike_Pence, Iowa &amp; Wisconsin! 3pm- https://t.co/3Hcnzj0Slx7pm- https://t.co/sEwLWkn1Sz https://t.co/UODSMp0oTo",0.848845612572
51,251,252,761331433810132992,2016-08-04 22:42:13.000000,realDonaldTrump,"Thank you Portland, Maine! #MakeAmericaGreatAgain https://t.co/oVfF28rWL5 https://t.co/RhblAXkNPw",positive,"Thank you Portland, Maine! #MakeAmericaGreatAgain https://t.co/oVfF28rWL5 https://t.co/RhblAXkNPw",0.804152180379
52,252,253,761281473492189184,2016-08-04 19:23:41.000000,realDonaldTrump,Happy 226th Birthday to the United States Coast Guard. Thank you @USCG! #CoastGuardDay https://t.co/hr4O8Xgq2R,positive,Happy 226th Birthday to the United States Coast Guard. Thank you @USCG! #CoastGuardDay https://t.co/hr4O8Xgq2R,0.806936291454
53,253,254,761279538106097664,2016-08-04 19:16:00.000000,realDonaldTrump,"Great meeting all of you. This group knocked on 50K doors &amp; counting here in Maine, thank you! @MaineGOP  https://t.co/Iui1F2z9ca",positive,"Great meeting all of you. This group knocked on 50K doors &amp; counting here in Maine, thank you! @MaineGOP  https://t.co/Iui1F2z9ca",0.917658844697
54,254,255,761219396635361280,2016-08-04 15:17:01.000000,realDonaldTrump,"Looking forward to IA &amp; WI with Gov. Pence, tomorrow. Join us! #MAGAhttps://t.co/3Hcnzj0Slxhttps://t.co/sEwLWkn1Sz https://t.co/0Ei3EdQdXB",positive,"Looking forward to IA &amp; WI with Gov. Pence, tomorrow. Join us! #MAGAhttps://t.co/3Hcnzj0Slxhttps://t.co/sEwLWkn1Sz https://t.co/0Ei3EdQdXB",0.282085267648
55,255,256,761025834350018561,2016-08-04 02:27:52.000000,realDonaldTrump,"Thank you Jacksonville, Florida!#MakeAmericaGreatAgain https://t.co/xrTQjt9WOC https://t.co/VSnBoQYoZs",positive,"Thank you Jacksonville, Florida!#MakeAmericaGreatAgain https://t.co/xrTQjt9WOC https://t.co/VSnBoQYoZs",0.804152180379
56,256,257,760976212068106240,2016-08-03 23:10:41.000000,realDonaldTrump,Thank you for your support of my candidacy! #MAGA #ImWithYou https://t.co/Al5bZlRFYk,positive,Thank you for your support of my candidacy! #MAGA #ImWithYou https://t.co/Al5bZlRFYk,0.0805093312457
57,257,258,760960985524043777,2016-08-03 22:10:11.000000,realDonaldTrump,"Thank you to the amazing law enforcement officers today- in Daytona Beach, Florida! #LESM #MAGA https://t.co/QoxJf4Xzbc",positive,"Thank you to the amazing law enforcement officers today- in Daytona Beach, Florida! #LESM #MAGA https://t.co/QoxJf4Xzbc",0.998384044583
58,258,259,760957697579708416,2016-08-03 21:57:07.000000,realDonaldTrump,"THANK YOU Daytona Beach, Florida!#MakeAmericaGreatAgain https://t.co/IAcLfXe463",positive,"THANK YOU Daytona Beach, Florida!#MakeAmericaGreatAgain https://t.co/IAcLfXe463",0.813696719352
59,259,260,760888078605090821,2016-08-03 17:20:29.000000,realDonaldTrump,"RT @mike_pence: Join me in Colorado, today! Look forward to seeing you!Denver- 2pmhttps://t.co/8VbvJYDa4FColorado Springs- 6pmhttps:/?",positive,"RT @mike_pence: Join me in Colorado, today! Look forward to seeing you!Denver- 2pmhttps://t.co/8VbvJYDa4FColorado Springs- 6pmhttps:/?",0.0428998538795
60,260,261,760783130978648064,2016-08-03 10:23:27.000000,realDonaldTrump,"Our incompetent Secretary of State, Hillary Clinton, was the one who started talks to give 400 million dollars, in cash, to Iran. Scandal!",negative,"Our incompetent Secretary of State, Hillary Clinton, was the one who started talks to give 400 million dollars, in cash, to Iran. Scandal!",0.00227719759312
61,261,262,760765818917515264,2016-08-03 09:14:40.000000,realDonaldTrump,"There is great unity in my campaign, perhaps greater than ever before. I want to thank everyone for your tremendous support. Beat Crooked H!",positive,"There is great unity in my campaign, perhaps greater than ever before. I want to thank everyone for your tremendous support. Beat Crooked H!",0.999540428965
62,262,263,760669268539301889,2016-08-03 02:51:00.000000,realDonaldTrump,Great day in Virginia. Crowd was fantastic!,positive,Great day in Virginia. Crowd was fantastic!,0.736542837572
63,263,264,760594155835887616,2016-08-02 21:52:32.000000,realDonaldTrump,My daughter @IvankaTrump will be on @Greta tonight at 7pm. Enjoy! https://t.co/QySC5PLFMy,positive,My daughter @IvankaTrump will be on @Greta tonight at 7pm. Enjoy! https://t.co/QySC5PLFMy,0.853696489034
64,264,265,760560366447370241,2016-08-02 19:38:16.000000,realDonaldTrump,Report raises questions about ?Clinton Cash? from Russians during ?reset' https://t.co/vVcAzY2zcp,neutral,Report raises questions about ?Clinton Cash? from Russians during ?reset' https://t.co/vVcAzY2zcp,0.00145998877024
65,265,266,760552601356267520,2016-08-02 19:07:25.000000,realDonaldTrump,President Obama will go down as perhaps the worst president in the history of the United States!,negative,President Obama will go down as perhaps the worst president in the history of the United States!,0.40434671397
66,266,267,760550754692263936,2016-08-02 19:00:04.000000,realDonaldTrump,RT @gatewaypundit: Democrat Fire Marshal Turns THOUSANDS of Trump Supporters Away at Columbus Rally https://t.co/TO8oE5cv8Z via @gatewaypun?,neutral,RT @gatewaypundit: Democrat Fire Marshal Turns THOUSANDS of Trump Supporters Away at Columbus Rally https://t.co/TO8oE5cv8Z via @gatewaypun?,0.000872905552633
67,267,268,760542646888652804,2016-08-02 18:27:51.000000,realDonaldTrump,"#ICYMI: John Podesta?s Brother Pocketed $180,000 from Putin?s Uranium Company: https://t.co/d0LfyiBlvX https://t.co/I5fF3didZs",negative,"#ICYMI: John Podesta?s Brother Pocketed $180,000 from Putin?s Uranium Company: https://t.co/d0LfyiBlvX https://t.co/I5fF3didZs",0.00191526758084
68,268,269,760538951581130754,2016-08-02 18:13:10.000000,realDonaldTrump,#CrookedHillary https://t.co/xe0I0EmxMa,negative,#CrookedHillary https://t.co/xe0I0EmxMa,0.0738840504469
69,269,270,760535661699035136,2016-08-02 18:00:06.000000,realDonaldTrump,Join me in Florida tomorrow! #MakeAmericaGreatAgain Daytona | 3pm- https://t.co/jbOS2s4qGIJacksonville | 7pm- https://t.co/XSF1kp7R54,positive,Join me in Florida tomorrow! #MakeAmericaGreatAgain Daytona | 3pm- https://t.co/jbOS2s4qGIJacksonville | 7pm- https://t.co/XSF1kp7R54,0.0269285746519
70,270,271,760532443061420033,2016-08-02 17:47:19.000000,realDonaldTrump,STATEMENT IN RESPONSE TO PRESIDENT OBAMA'S FAILED LEADERSHIP: https://t.co/SPgFIFuSO7,negative,STATEMENT IN RESPONSE TO PRESIDENT OBAMA'S FAILED LEADERSHIP: https://t.co/SPgFIFuSO7,0.0878647581933
71,271,272,760519847461658624,2016-08-02 16:57:16.000000,realDonaldTrump,Thank you Virginia! #ImWithYou https://t.co/9inCh1BVwM,positive,Thank you Virginia! #ImWithYou https://t.co/9inCh1BVwM,0.96857556568
72,272,273,760420894271471620,2016-08-02 10:24:03.000000,realDonaldTrump,The Washington Post calls out #CrookedHillary for what she REALLY is. A PATHOLOGICAL LIAR! Watch that nose grow! https://t.co/FsrUGByuuD,negative,The Washington Post calls out #CrookedHillary for what she REALLY is. A PATHOLOGICAL LIAR! Watch that nose grow! https://t.co/FsrUGByuuD,0.175927093858
73,273,274,760299757206208512,2016-08-02 02:22:42.000000,realDonaldTrump,Great afternoon in Ohio &amp; a great evening in Pennsylvania - departing now. See you tomorrow Virginia! https://t.co/jQTQYBFpdb,positive,Great afternoon in Ohio &amp; a great evening in Pennsylvania - departing now. See you tomorrow Virginia! https://t.co/jQTQYBFpdb,0.903075025851
74,274,275,760293742381244416,2016-08-02 01:58:48.000000,realDonaldTrump,"Just leaving Mechanicsburg, PA. Incredible crowd-- so enthusiastic! Will be back soon. #MAGA https://t.co/RbuXfDZ5w9",positive,"Just leaving Mechanicsburg, PA. Incredible crowd-- so enthusiastic! Will be back soon. #MAGA https://t.co/RbuXfDZ5w9",0.992361346241
75,275,276,760289166324215808,2016-08-02 01:40:37.000000,realDonaldTrump,"RT @DanScavino: .@realDonaldTrump stops by overflow room in Mechanicsburg, Pennsylvania- prior to main rally. #TrumpMovement #MAGA?? https:?",neutral,"RT @DanScavino: .@realDonaldTrump stops by overflow room in Mechanicsburg, Pennsylvania- prior to main rally. #TrumpMovement #MAGA?? https:?",1.90135638908e-06
76,276,277,760287440435187712,2016-08-02 01:33:45.000000,realDonaldTrump,Vast numbers of manufacturing jobs in Pennsylvania have moved to Mexico and other countries. That will end when I win!,negative,Vast numbers of manufacturing jobs in Pennsylvania have moved to Mexico and other countries. That will end when I win!,0.16808591356
77,277,278,760255085561597952,2016-08-01 23:25:11.000000,realDonaldTrump,"Thanks to @pnehlen for your kind words, very much appreciated.",positive,"Thanks to @pnehlen for your kind words, very much appreciated.",0.742208511354
78,278,279,760249495754006528,2016-08-01 23:02:59.000000,realDonaldTrump,Join me in Florida on Wednesday! Daytona &amp; Jacksonville:Daytona | 3pm- https://t.co/rJjYUbwiLLJacksonville | 7pm- https://t.co/zfxeNbr1nq,neutral,Join me in Florida on Wednesday! Daytona &amp; Jacksonville:Daytona | 3pm- https://t.co/rJjYUbwiLLJacksonville | 7pm- https://t.co/zfxeNbr1nq,0.00239019279682
79,279,280,760247348673077248,2016-08-01 22:54:27.000000,realDonaldTrump,"During the GOP convention, CNN cut away from the victims of illegal immigrant violence. They don?t want them heard. https://t.co/EHRiLkQDWD",negative,"During the GOP convention, CNN cut away from the victims of illegal immigrant violence. They don?t want them heard. https://t.co/EHRiLkQDWD",0.000400040628506
80,280,281,760246898095775744,2016-08-01 22:52:39.000000,realDonaldTrump,When will CNN do a segment on Hillary?s plan to increase Syrian refugees 550% and how much it will cost?,negative,When will CNN do a segment on Hillary?s plan to increase Syrian refugees 550% and how much it will cost?,0.289963045155
81,281,282,760246732152311808,2016-08-01 22:52:00.000000,realDonaldTrump,Hillary Clinton raked in money from regimes that horribly oppress women and gays &amp; refuses to speak out against Radical Islam.,negative,Hillary Clinton raked in money from regimes that horribly oppress women and gays &amp; refuses to speak out against Radical Islam.,3.00617134082e-05
82,282,283,760245342231158785,2016-08-01 22:46:28.000000,realDonaldTrump,"Hillary, whose decisions have led to the deaths of many, accepted $ from a business linked to ISIS. Silence at CNN. https://t.co/gJYSSXtpaz",negative,"Hillary, whose decisions have led to the deaths of many, accepted $ from a business linked to ISIS. Silence at CNN. https://t.co/gJYSSXtpaz",0.000272643166453
83,283,284,760229355784138752,2016-08-01 21:42:57.000000,realDonaldTrump,Crooked Hillary Clinton is 100% owned by her donors. #ImWithYou #MAGA https://t.co/iYM3CCWS2z,negative,Crooked Hillary Clinton is 100% owned by her donors. #ImWithYou #MAGA https://t.co/iYM3CCWS2z,0.243625553191
84,284,285,760214225830772737,2016-08-01 20:42:50.000000,realDonaldTrump,"Thank you Columbus, Ohio! I will be back soon. #ImWithYou #MAGA https://t.co/vMf1EPJp4r",positive,"Thank you Columbus, Ohio! I will be back soon. #ImWithYou #MAGA https://t.co/vMf1EPJp4r",0.883594605841
85,285,286,760213628926779392,2016-08-01 20:40:27.000000,realDonaldTrump,Thank you Oklahoma &amp; Virginia! #MakeAmericaGreatAgain #ImWithYou https://t.co/WUdY7feRvV,positive,Thank you Oklahoma &amp; Virginia! #MakeAmericaGreatAgain #ImWithYou https://t.co/WUdY7feRvV,0.631032248035
86,286,287,760185303483187201,2016-08-01 18:47:54.000000,realDonaldTrump,People believe CNN these days almost as little as they believe Hillary....that's really saying something!,negative,People believe CNN these days almost as little as they believe Hillary....that's really saying something!,0.00896670819709
87,287,288,760185067054465024,2016-08-01 18:46:58.000000,realDonaldTrump,"The people who support Hillary sit behind CNN anchor chairs, or headline fundraisers - those disconnected from real life.",negative,"The people who support Hillary sit behind CNN anchor chairs, or headline fundraisers - those disconnected from real life.",0.661390425208
88,288,289,760184664468418560,2016-08-01 18:45:22.000000,realDonaldTrump,Will CNN send its cameras to the border to show the massive unreported crisis now unfolding -- or are they worried it will hurt Hillary?,negative,Will CNN send its cameras to the border to show the massive unreported crisis now unfolding -- or are they worried it will hurt Hillary?,0.000877643564731
89,289,290,760184336603811842,2016-08-01 18:44:04.000000,realDonaldTrump,When will we see stories from CNN on Clinton Foundation corruption and Hillary's pay-for-play at State Department?,negative,When will we see stories from CNN on Clinton Foundation corruption and Hillary's pay-for-play at State Department?,0.464499354824
90,290,291,760184176591208448,2016-08-01 18:43:25.000000,realDonaldTrump,"CNN anchors are completely out of touch with everyday people worried about rising crime, failing schools and vanishing jobs.",negative,"CNN anchors are completely out of touch with everyday people worried about rising crime, failing schools and vanishing jobs.",0.397966272533
91,291,292,760184028293173248,2016-08-01 18:42:50.000000,realDonaldTrump,CNN will soon be the least trusted name in news if they continue to be the press shop for Hillary Clinton.,negative,CNN will soon be the least trusted name in news if they continue to be the press shop for Hillary Clinton.,0.0222726193144
92,292,293,760126146830794753,2016-08-01 14:52:50.000000,realDonaldTrump,"Join Governor Mike Pence in Reno, Nevada- tonight at 7pm! Tickets available at: https://t.co/4nLjRGyFYw",neutral,"Join Governor Mike Pence in Reno, Nevada- tonight at 7pm! Tickets available at: https://t.co/4nLjRGyFYw",0.126837138883
93,293,294,760125021280960512,2016-08-01 14:48:22.000000,realDonaldTrump,#CrookedHillary https://t.co/oHI6xrDJU0,negative,#CrookedHillary https://t.co/oHI6xrDJU0,0.0738840504469
94,294,295,760098514319835136,2016-08-01 13:03:02.000000,realDonaldTrump,"So with all of the Obama tough talk on Russia and the Ukraine, they have already taken Crimea and continue to push. That's what I said!",neutral,"So with all of the Obama tough talk on Russia and the Ukraine, they have already taken Crimea and continue to push. That's what I said!",0.0735979262276
95,295,296,760095370185674752,2016-08-01 12:50:32.000000,realDonaldTrump,"When I said in an interview that Putin is ""not going into Ukraine, you can mark it down,"" I am saying if I am President. Already in Crimea!",neutral,"When I said in an interview that Putin is ""not going into Ukraine, you can mark it down,"" I am saying if I am President. Already in Crimea!",0.00410498971928
96,296,297,760074526059270144,2016-08-01 11:27:43.000000,realDonaldTrump,"This story is not about Mr. Khan, who is all over the place doing interviews, but rather RADICAL ISLAMIC TERRORISM and the U.S. Get smart!",negative,"This story is not about Mr. Khan, who is all over the place doing interviews, but rather RADICAL ISLAMIC TERRORISM and the U.S. Get smart!",0.0183447662919
97,297,298,760070280932982784,2016-08-01 11:10:51.000000,realDonaldTrump,"Mr. Khan, who does not know me, viciously attacked me from the stage of the DNC and is now all over T.V. doing the same - Nice!",negative,"Mr. Khan, who does not know me, viciously attacked me from the stage of the DNC and is now all over T.V. doing the same - Nice!",6.90582922901e-06
98,298,299,759915863600304128,2016-08-01 00:57:15.000000,realDonaldTrump,"Wow, it is unbelievable how distorted, one-sided and biased the media is against us. The failing @nytimes is a joke. @CNN is laughable!",negative,"Wow, it is unbelievable how distorted, one-sided and biased the media is against us. The failing @nytimes is a joke. @CNN is laughable!",2.22790724085e-05
99,299,300,759848885900763141,2016-07-31 20:31:06.000000,realDonaldTrump,"""@RealJamesWoods:  Without absolutely OWNING the liberal media, HillaryClinton wouldn't stand a chance. #VoterFraud and #MSM her only hope.""",negative,"""@RealJamesWoods:  Without absolutely OWNING the liberal media, HillaryClinton wouldn't stand a chance. #VoterFraud and #MSM her only hope.""",0.0247477801869
100,300,301,759843323909668865,2016-07-31 20:09:00.000000,realDonaldTrump,"The dishonest media is fawning over the Democratic Convention. I wonder why, then, my speech had millions of more viewers than Crooked H?",negative,"The dishonest media is fawning over the Democratic Convention. I wonder why, then, my speech had millions of more viewers than Crooked H?",5.96644717049e-06
101,301,302,759743648573435905,2016-07-31 13:32:55.000000,realDonaldTrump,"I was viciously attacked by Mr. Khan at the Democratic Convention. Am I not allowed to respond? Hillary voted for the Iraq war, not me!",negative,"I was viciously attacked by Mr. Khan at the Democratic Convention. Am I not allowed to respond? Hillary voted for the Iraq war, not me!",0.000249932356927
102,302,303,759734698415312897,2016-07-31 12:57:21.000000,realDonaldTrump,"Captain Khan, killed 12 years ago, was a hero, but this is about RADICAL ISLAMIC TERROR and the weakness of our ""leaders"" to eradicate it!",negative,"Captain Khan, killed 12 years ago, was a hero, but this is about RADICAL ISLAMIC TERROR and the weakness of our ""leaders"" to eradicate it!",0.0658118681723
103,303,304,759592590106849280,2016-07-31 03:32:40.000000,realDonaldTrump,Nielson Media Research final numbers on ACCEPTANCE SPEECH: TRUMP  32.2 MILLION.  CLINTON 27.8 MILLION.  Thank you!,positive,Nielson Media Research final numbers on ACCEPTANCE SPEECH: TRUMP  32.2 MILLION.  CLINTON 27.8 MILLION.  Thank you!,0.0765088387373
104,304,305,759524001613918208,2016-07-30 23:00:07.000000,realDonaldTrump,Thank you to all of the television viewers that made my speech at the Republican National Convention #1 over Crooked Hillary and DEMS.,positive,Thank you to all of the television viewers that made my speech at the Republican National Convention #1 over Crooked Hillary and DEMS.,0.00317774237629
105,305,306,759516008272932864,2016-07-30 22:28:22.000000,realDonaldTrump,Can you imagine if I had the small crowds that Hillary is drawing today in Pennsylvania. It would be a major media event! @CNN @FoxNews,positive,Can you imagine if I had the small crowds that Hillary is drawing today in Pennsylvania. It would be a major media event! @CNN @FoxNews,0.0958599293776
106,306,307,759515080010719232,2016-07-30 22:24:40.000000,realDonaldTrump,NATO commander agrees members should pay up via @dcexaminer:https://t.co/VZLDFy707K,neutral,NATO commander agrees members should pay up via @dcexaminer:https://t.co/VZLDFy707K,0.00143578037487
107,307,308,759513644258525184,2016-07-30 22:18:58.000000,realDonaldTrump,"Wow, NATO's top commander just announced that he agrees with me that alliance members must PAY THEIR BILLS. This is a general I will like!",positive,"Wow, NATO's top commander just announced that he agrees with me that alliance members must PAY THEIR BILLS. This is a general I will like!",0.293274866646
108,308,309,759512042906587137,2016-07-30 22:12:36.000000,realDonaldTrump,"The ""Rust Belt"" was created by politicians like the Clintons who allowed our jobs to be stolen from us by other countries like Mexico. END!",negative,"The ""Rust Belt"" was created by politicians like the Clintons who allowed our jobs to be stolen from us by other countries like Mexico. END!",0.00297369502191
109,309,310,759509936002957314,2016-07-30 22:04:14.000000,realDonaldTrump,"Crooked's stop in Johnstown, Pennsylvania, where jobs have been absolutely decimated by dumb politicians, drew less than 200 - with Bill, VP",negative,"Crooked's stop in Johnstown, Pennsylvania, where jobs have been absolutely decimated by dumb politicians, drew less than 200 - with Bill, VP",4.78571995649e-06
110,310,311,759507812963737600,2016-07-30 21:55:48.000000,realDonaldTrump,"#CrookedHillary = Obama's third term, which would be terrible news for our economic growth - seen below. https://t.co/y9WJoUaaql",negative,"#CrookedHillary = Obama's third term, which would be terrible news for our economic growth - seen below. https://t.co/y9WJoUaaql",0.000114788069626
111,311,312,759506712516784128,2016-07-30 21:51:25.000000,realDonaldTrump,Word is that Crooked Hillary has very small and unenthusiastic crowds in Pennsylvania. Perhaps it is because her husband signed NAFTA?,negative,Word is that Crooked Hillary has very small and unenthusiastic crowds in Pennsylvania. Perhaps it is because her husband signed NAFTA?,0.977306454968
112,312,313,759479059046883328,2016-07-30 20:01:32.000000,realDonaldTrump,"I turned down a meeting with Charles and David Koch. Much better for them to meet with the puppets of politics, they will do much better!",negative,"I turned down a meeting with Charles and David Koch. Much better for them to meet with the puppets of politics, they will do much better!",0.491934399375
113,313,314,759477522232901632,2016-07-30 19:55:26.000000,realDonaldTrump,"Why doesn't the media want to report that on the two ""Big Thursdays"" when Crooked Hillary and I made our speeches - Republican's won ratings",negative,"Why doesn't the media want to report that on the two ""Big Thursdays"" when Crooked Hillary and I made our speeches - Republican's won ratings",3.90876965926e-05
114,314,315,759457253925785604,2016-07-30 18:34:54.000000,realDonaldTrump,#CrookedHillary https://t.co/xyoPFJmByp,negative,#CrookedHillary https://t.co/xyoPFJmByp,0.0738840504469
115,315,316,759450265208651776,2016-07-30 18:07:07.000000,realDonaldTrump,"Crooked Hillary Clinton is soft on crime, supports open borders, and wants massive tax hikes. A formula for disaster!",negative,"Crooked Hillary Clinton is soft on crime, supports open borders, and wants massive tax hikes. A formula for disaster!",0.00682230240872
116,316,317,759450053379579905,2016-07-30 18:06:17.000000,realDonaldTrump,"Violent crime is rising across the United States, yet the DNC convention ignored it. Crime reduction will be one of my top priorities.",negative,"Violent crime is rising across the United States, yet the DNC convention ignored it. Crime reduction will be one of my top priorities.",0.0657281678314
117,317,318,759425642723246084,2016-07-30 16:29:17.000000,realDonaldTrump,Just got back from Colorado. The love and enthusiasm at two rallies was incredible. Big crowds!,positive,Just got back from Colorado. The love and enthusiasm at two rallies was incredible. Big crowds!,0.968225421687
118,318,319,759393092554424320,2016-07-30 14:19:56.000000,realDonaldTrump,While I am in OH &amp; PA - you can also join @Mike_Pence in Nevada on Mon!Carson City: https://t.co/28G3RVbFsnReno: https://t.co/4nLjRGyFYw,neutral,While I am in OH &amp; PA - you can also join @Mike_Pence in Nevada on Mon!Carson City: https://t.co/28G3RVbFsnReno: https://t.co/4nLjRGyFYw,0.0738024991633
119,319,320,759389559385952257,2016-07-30 14:05:54.000000,realDonaldTrump,"Join me Monday in Columbus, Ohio &amp; Harrisburg, Pennsylvania! #MAGA3pm in OH: https://t.co/DDg0AUsqRq7pm in PA: https://t.co/VmSLBvL43l",neutral,"Join me Monday in Columbus, Ohio &amp; Harrisburg, Pennsylvania! #MAGA3pm in OH: https://t.co/DDg0AUsqRq7pm in PA: https://t.co/VmSLBvL43l",0.00427583201619
120,320,321,759381869267980288,2016-07-30 13:35:20.000000,realDonaldTrump,American homeownership rate in Q2 2016 was 62.9% - lowest rate in 51yrs. WE will bring back the  'American Dream!' https://t.co/yI4Q8FHRjp,neutral,American homeownership rate in Q2 2016 was 62.9% - lowest rate in 51yrs. WE will bring back the  'American Dream!' https://t.co/yI4Q8FHRjp,0.900698587133
121,321,322,759372422692954112,2016-07-30 12:57:48.000000,realDonaldTrump,We are suffering through the worst long-term unemployment in the last 70 years. I want change - Crooked Hillary Clinton does not.,negative,We are suffering through the worst long-term unemployment in the last 70 years. I want change - Crooked Hillary Clinton does not.,7.54784046547e-06
122,322,323,759371648764108801,2016-07-30 12:54:44.000000,realDonaldTrump,"Hillary can never win over Bernie supporters. Her foreign wars, NAFTA/TPP support &amp; Wall Street ties are driving away millions of votes.",negative,"Hillary can never win over Bernie supporters. Her foreign wars, NAFTA/TPP support &amp; Wall Street ties are driving away millions of votes.",0.0374248450268
123,323,324,759371377002553344,2016-07-30 12:53:39.000000,realDonaldTrump,"Colorado was amazing yesterday! So much support. Our tax, trade and energy reforms will bring great jobs to Colorado and the whole country.",positive,"Colorado was amazing yesterday! So much support. Our tax, trade and energy reforms will bring great jobs to Colorado and the whole country.",0.999543821325
124,324,325,759282300135809024,2016-07-30 06:59:41.000000,realDonaldTrump,"""@patrioticpepe: @realDonaldTrump ONLY TRUMP CAN UNITE AMERICA AND FIX OBAMA'S MISTAKES!!! #Trump2016 https://t.co/yB72Bm2muM""",positive,"""@patrioticpepe: @realDonaldTrump ONLY TRUMP CAN UNITE AMERICA AND FIX OBAMA'S MISTAKES!!! #Trump2016 https://t.co/yB72Bm2muM""",0.227143308722
125,325,326,759227755494072320,2016-07-30 03:22:57.000000,realDonaldTrump,"Thank you Denver, Colorado! #MakeAmericaGreatAgain! https://t.co/1KHrLdkOyW",positive,"Thank you Denver, Colorado! #MakeAmericaGreatAgain! https://t.co/1KHrLdkOyW",0.947556245003
126,326,327,759222916387069952,2016-07-30 03:03:43.000000,realDonaldTrump,"As usual, Hillary &amp; the Dems are trying to rig the debates so 2 are up against major NFL games. Same as last time w/ Bernie. Unacceptable!",negative,"As usual, Hillary &amp; the Dems are trying to rig the debates so 2 are up against major NFL games. Same as last time w/ Bernie. Unacceptable!",3.05507535846e-05
127,327,328,759192213234393088,2016-07-30 01:01:43.000000,realDonaldTrump,#CrookedHillary Job Application https://t.co/CKXkAlGSiV,negative,#CrookedHillary Job Application https://t.co/CKXkAlGSiV,0.0738840504469
128,328,329,759191265988653056,2016-07-30 00:57:57.000000,realDonaldTrump,Hillary Clinton should not be given national security briefings in that she is a lose cannon with extraordinarily bad judgement &amp; insticts.,negative,Hillary Clinton should not be given national security briefings in that she is a lose cannon with extraordinarily bad judgement &amp; insticts.,0.00418527046084
129,329,330,759185456818860032,2016-07-30 00:34:52.000000,realDonaldTrump,Thank you to the amazing law enforcement officers in Colorado!#MakeAmericaGreatAgain #LESM https://t.co/glxTQYAQiN,positive,Thank you to the amazing law enforcement officers in Colorado!#MakeAmericaGreatAgain #LESM https://t.co/glxTQYAQiN,0.977172942678
130,330,331,759152897602916352,2016-07-29 22:25:29.000000,realDonaldTrump,Thank you Colorado Springs. Get out &amp; VOTE #TrumpPence16 in November! https://t.co/wK02fWzJey,positive,Thank you Colorado Springs. Get out &amp; VOTE #TrumpPence16 in November! https://t.co/wK02fWzJey,0.17995052797
131,331,332,759117301517996032,2016-07-29 20:04:03.000000,realDonaldTrump,"""Only a Reagan or a Trump-like figure in the White House will achieve this goal."" https://t.co/6a7Ef12giZ",positive,"""Only a Reagan or a Trump-like figure in the White House will achieve this goal."" https://t.co/6a7Ef12giZ",0.00642648644478
132,332,333,759093740497764353,2016-07-29 18:30:25.000000,realDonaldTrump,"Even Bill is tired of the lies, SAD! https://t.co/LPk1OkwH9P",negative,"Even Bill is tired of the lies, SAD! https://t.co/LPk1OkwH9P",0.0164675197467
133,333,334,759088844683608064,2016-07-29 18:10:58.000000,realDonaldTrump,Join me in Colorado Springs at 2pm- or in Denver tonight at 7pm!Colorado Springs: https://t.co/HgFW7IRtz9Denver: https://t.co/aE5P9jNcFC,neutral,Join me in Colorado Springs at 2pm- or in Denver tonight at 7pm!Colorado Springs: https://t.co/HgFW7IRtz9Denver: https://t.co/aE5P9jNcFC,0.0010534240755
134,334,335,759084522705068032,2016-07-29 17:53:47.000000,realDonaldTrump,What Bernie Sanders really thinks of Crooked Hillary Clinton. https://t.co/VgMaAsZBep,negative,What Bernie Sanders really thinks of Crooked Hillary Clinton. https://t.co/VgMaAsZBep,0.0123245001263
135,335,336,759082026687352834,2016-07-29 17:43:52.000000,realDonaldTrump,"I am watching Crooked Hillary speak. Same old stuff, our country needs change!",negative,"I am watching Crooked Hillary speak. Same old stuff, our country needs change!",0.169366039319
136,336,337,759071976182861824,2016-07-29 17:03:56.000000,realDonaldTrump,"Wow, my campaign is hearing from more and more Bernie supporters that they will NEVER support Crooked Hillary. She sold them out, V.P. pick!",negative,"Wow, my campaign is hearing from more and more Bernie supporters that they will NEVER support Crooked Hillary. She sold them out, V.P. pick!",0.256456827469
137,337,338,759070976181084160,2016-07-29 16:59:58.000000,realDonaldTrump,In Hillary Clinton's America - things get worse. #TrumpPence16 https://t.co/WdHbnhhCbW,negative,In Hillary Clinton's America - things get worse. #TrumpPence16 https://t.co/WdHbnhhCbW,0.000143219426224
138,338,339,759070106546638849,2016-07-29 16:56:30.000000,realDonaldTrump,The dishonest media didn't mention that Bernie Sanders was very angry looking during Crooked's speech. He wishes he didn't make that deal!,negative,The dishonest media didn't mention that Bernie Sanders was very angry looking during Crooked's speech. He wishes he didn't make that deal!,5.24483084969e-07
139,339,340,759064533814038528,2016-07-29 16:34:22.000000,realDonaldTrump,Thank you! Facebook: https://t.co/nmlRJqzA7SInstagram: https://t.co/5gDeluaBXG https://t.co/Pw7GS8R9Gg,positive,Thank you! Facebook: https://t.co/nmlRJqzA7SInstagram: https://t.co/5gDeluaBXG https://t.co/Pw7GS8R9Gg,0.224932798118
140,340,341,759029315006705664,2016-07-29 14:14:25.000000,realDonaldTrump,"Crooked Hillary said that I ""couldn't handle the rough and tumble of a political campaign."" Really,I just beat 16 people and am beating her!",negative,"Crooked Hillary said that I ""couldn't handle the rough and tumble of a political campaign."" Really,I just beat 16 people and am beating her!",0.0220975502892
141,341,342,759027356434518016,2016-07-29 14:06:38.000000,realDonaldTrump,"If Michael Bloomberg ran again for Mayor of New York, he wouldn't get 10% of the vote - they would run him out of town!  #NeverHillary",negative,"If Michael Bloomberg ran again for Mayor of New York, he wouldn't get 10% of the vote - they would run him out of town!  #NeverHillary",4.39475677045e-05
142,342,343,759025610249216000,2016-07-29 13:59:42.000000,realDonaldTrump,"""Little"" Michael Bloomberg, who never had the guts to run for president, knows nothing about me. His last term as Mayor was a disaster!",negative,"""Little"" Michael Bloomberg, who never had the guts to run for president, knows nothing about me. His last term as Mayor was a disaster!",2.2121605262e-06
143,343,344,759024055123009536,2016-07-29 13:53:31.000000,realDonaldTrump,"General John Allen, who I never met but spoke against me last night, failed badly in his fight against ISIS. His record = BAD  #NeverHillary",negative,"General John Allen, who I never met but spoke against me last night, failed badly in his fight against ISIS. His record = BAD  #NeverHillary",1.33029176686e-06
144,344,345,759021886055387136,2016-07-29 13:44:54.000000,realDonaldTrump,Crooked Hillary Clinton mentioned me 22 times in her very long and very boring speech. Many of her statements were lies and fabrications!,negative,Crooked Hillary Clinton mentioned me 22 times in her very long and very boring speech. Many of her statements were lies and fabrications!,0.000227268193628
145,345,346,759017481633542145,2016-07-29 13:27:24.000000,realDonaldTrump,Join @mike_pence at the University of Northwestern Ohio- tonight at 7pm. Tickets: https://t.co/DvP8p7ueNU,neutral,Join @mike_pence at the University of Northwestern Ohio- tonight at 7pm. Tickets: https://t.co/DvP8p7ueNU,0.0025680089081
146,346,347,759014707277598720,2016-07-29 13:16:22.000000,realDonaldTrump,"""@AnnCoulter: ""I believe in science"" Dem code for ""we're shutting down coal mines, steel plants and any other remaining manufacturing""""",negative,"""@AnnCoulter: ""I believe in science"" Dem code for ""we're shutting down coal mines, steel plants and any other remaining manufacturing""""",1.91811783816e-06
147,347,348,759013928315686917,2016-07-29 13:13:16.000000,realDonaldTrump,CAMPAIGN STATEMENT: https://t.co/RNW3ED2ifR,neutral,CAMPAIGN STATEMENT: https://t.co/RNW3ED2ifR,0.0878647581933
148,348,349,759013889761697794,2016-07-29 13:13:07.000000,realDonaldTrump,"Two policemen just shot in San Diego, one dead. It is only getting worse. People want LAW AND ORDER!",negative,"Two policemen just shot in San Diego, one dead. It is only getting worse. People want LAW AND ORDER!",0.00116556887823
149,349,350,759008377577967616,2016-07-29 12:51:13.000000,realDonaldTrump,"Crooked Hillary Clinton made up facts about me, and ""forgot"" to mention the many problems of our country, in her very average scream!",negative,"Crooked Hillary Clinton made up facts about me, and ""forgot"" to mention the many problems of our country, in her very average scream!",0.0158983094607
150,350,351,759005597899436032,2016-07-29 12:40:10.000000,realDonaldTrump,The media coverage this morning of the very average Clinton speech and Convention is a joke. @CNN and the little watched @Morning_Joe = SAD!,1,The media coverage this morning of the very average Clinton speech and Convention is a joke. @CNN and the little watched @Morning_Joe = SAD!,0.0415913386094
151,351,352,758874457142284288,2016-07-29 03:59:04.000000,realDonaldTrump,No one has worse judgement than Hillary Clinton - corruption and devastation follows her wherever she goes.,1,No one has worse judgement than Hillary Clinton - corruption and devastation follows her wherever she goes.,0.00410562377213
152,352,353,758873961425805312,2016-07-29 03:57:06.000000,realDonaldTrump,"Hillary's wars in the Middle East have unleashed destruction, terrorism and ISIS across the world.",1,"Hillary's wars in the Middle East have unleashed destruction, terrorism and ISIS across the world.",0.117076988139
153,353,354,758873275044798464,2016-07-29 03:54:22.000000,realDonaldTrump,"Hillary's vision is a borderless world where working people have no power, no jobs, no safety.",1,"Hillary's vision is a borderless world where working people have no power, no jobs, no safety.",0.732944804292
154,354,355,758872873234681860,2016-07-29 03:52:46.000000,realDonaldTrump,Hillary will never reform Wall Street. She is owned by Wall Street!,1,Hillary will never reform Wall Street. She is owned by Wall Street!,0.367361079291
155,355,356,758872422028148740,2016-07-29 03:50:59.000000,realDonaldTrump,Our way of life is under threat by Radical Islam and Hillary Clinton cannot even bring herself to say the words.,1,Our way of life is under threat by Radical Islam and Hillary Clinton cannot even bring herself to say the words.,0.11347253746
156,356,357,758871653547806724,2016-07-29 03:47:56.000000,realDonaldTrump,"Hillary's refusal to mention Radical Islam, as she pushes a 550% increase in refugees, is more proof that she is unfit to lead the country.",1,"Hillary's refusal to mention Radical Islam, as she pushes a 550% increase in refugees, is more proof that she is unfit to lead the country.",0.238653547089
157,357,358,758851150175055874,2016-07-29 02:26:27.000000,realDonaldTrump,"Departing now - thank you Cedar Rapids, Iowa. This is a MOVEMENT! https://t.co/ezrqVqPtta",1,"Departing now - thank you Cedar Rapids, Iowa. This is a MOVEMENT! https://t.co/ezrqVqPtta",0.963345879716
158,358,359,758802697763958784,2016-07-28 23:13:55.000000,realDonaldTrump,#CrookedHillary https://t.co/JeXFnO6e3s,1,#CrookedHillary https://t.co/JeXFnO6e3s,0.0738840504469
159,359,360,758778607489708032,2016-07-28 21:38:12.000000,realDonaldTrump,"""Dems warn not to underestimate Trump's potential win""https://t.co/X3xHtjhHpB",1,"""Dems warn not to underestimate Trump's potential win""https://t.co/X3xHtjhHpB",0.0499054321528
160,360,361,758771144140820481,2016-07-28 21:08:32.000000,realDonaldTrump,Great to be back in Iowa! #TBT with @JerryJrFalwell joining me in Davenport- this past winter. #MAGA https://t.co/A5IF0QHnic,1,Great to be back in Iowa! #TBT with @JerryJrFalwell joining me in Davenport- this past winter. #MAGA https://t.co/A5IF0QHnic,0.0213694205975
161,361,362,758768028595032064,2016-07-28 20:56:09.000000,realDonaldTrump,Median household income is down for the middle class since Obama took office. It will only go further down under Clinton.,1,Median household income is down for the middle class since Obama took office. It will only go further down under Clinton.,0.00198079289113
162,362,363,758761945910669312,2016-07-28 20:31:59.000000,realDonaldTrump,"A vote for Clinton-Kaine is a vote for TPP, NAFTA, high taxes, radical regulation, and massive influx of refugees.",1,"A vote for Clinton-Kaine is a vote for TPP, NAFTA, high taxes, radical regulation, and massive influx of refugees.",0.572738417739
163,363,364,758761521317023744,2016-07-28 20:30:18.000000,realDonaldTrump,AMERICA'S FUTUREhttps://t.co/xymiA0Az7x,1,AMERICA'S FUTUREhttps://t.co/xymiA0Az7x,0.0342185513619
164,364,365,758732782348623874,2016-07-28 18:36:06.000000,realDonaldTrump,Bernie caved! https://t.co/xtcOnA8cw1,1,Bernie caved! https://t.co/xtcOnA8cw1,0.878478672364
165,365,366,758731880183193601,2016-07-28 18:32:31.000000,realDonaldTrump,"""@LallyRay: Poll: Donald Trump Sees 17-Point Positive Swing in Two Weeks - Breitbart https://t.co/bVAj52fA3Y @realdonaldtrump""  Great!",1,"""@LallyRay: Poll: Donald Trump Sees 17-Point Positive Swing in Two Weeks - Breitbart https://t.co/bVAj52fA3Y @realdonaldtrump""  Great!",0.00752963457175
166,366,367,758690714268143616,2016-07-28 15:48:56.000000,realDonaldTrump,"RT @mike_pence: Good morning! Join me in Lima, Ohio - tomorrow evening at 7pm. #MAGATickets: https://t.co/sNfhyGeaAH",1,"RT @mike_pence: Good morning! Join me in Lima, Ohio - tomorrow evening at 7pm. #MAGATickets: https://t.co/sNfhyGeaAH",0.00428672040405
167,367,368,758685974637473793,2016-07-28 15:30:06.000000,realDonaldTrump,"RT @piersmorgan: Trump makes a funny, obvious joke about Russia going after Hillary's emails &amp; U.S. media goes insane with fury.He plays t?",1,"RT @piersmorgan: Trump makes a funny, obvious joke about Russia going after Hillary's emails &amp; U.S. media goes insane with fury.He plays t?",0.525513733964
168,368,369,758681061786263552,2016-07-28 15:10:35.000000,realDonaldTrump,RT @DRUDGE_REPORT: Obama Refers to Himself 119 Times During Hillary Nominating Speech... https://t.co/TyJI2DuqEk,1,RT @DRUDGE_REPORT: Obama Refers to Himself 119 Times During Hillary Nominating Speech... https://t.co/TyJI2DuqEk,0.320384746007
169,369,370,758680707979943937,2016-07-28 15:09:11.000000,realDonaldTrump,President Obama spoke last night about a world that doesn?t exist. 70% of the people think our country is going in the wrong direction. #DNC,1,President Obama spoke last night about a world that doesn?t exist. 70% of the people think our country is going in the wrong direction. #DNC,5.78182875579e-05
170,370,371,758512401629192192,2016-07-28 04:00:23.000000,realDonaldTrump,"""@trumplican2016: @realDonaldTrump @DavidWohl stay the course mr trump your message is resonating with the PEOPLE""",1,"""@trumplican2016: @realDonaldTrump @DavidWohl stay the course mr trump your message is resonating with the PEOPLE""",0.350024572743
171,371,372,758511494669664256,2016-07-28 03:56:47.000000,realDonaldTrump,"""@DavidWohl: Barack is offended that @realDonaldTrump will demand that #NATO allies pay their fair share. #DemsInPhilly""",1,"""@DavidWohl: Barack is offended that @realDonaldTrump will demand that #NATO allies pay their fair share. #DemsInPhilly""",0.00605174240754
172,372,373,758492727583576064,2016-07-28 02:42:13.000000,realDonaldTrump,"Our country does not feel 'great already' to the millions of wonderful people living in poverty, violence and despair.",1,"Our country does not feel 'great already' to the millions of wonderful people living in poverty, violence and despair.",0.000205972540184
173,373,374,758491947409481728,2016-07-28 02:39:07.000000,realDonaldTrump,Shooting deaths of police officers up 78% this year. We must restore law and order and protect our great law enforcement officers!,1,Shooting deaths of police officers up 78% this year. We must restore law and order and protect our great law enforcement officers!,0.137255983754
174,374,375,758452289376022529,2016-07-28 00:01:31.000000,realDonaldTrump,"Join me live in Toledo, Ohio!#MakeAmericaGreatAgainhttps://t.co/ruEvMGx4C9",1,"Join me live in Toledo, Ohio!#MakeAmericaGreatAgainhttps://t.co/ruEvMGx4C9",0.529274598698
175,375,376,758422125254471680,2016-07-27 22:01:40.000000,realDonaldTrump,#CrookedHillary https://t.co/lwi9gqDEHE,1,#CrookedHillary https://t.co/lwi9gqDEHE,0.0738840504469
176,376,377,758421383063961604,2016-07-27 21:58:43.000000,realDonaldTrump,Thank you Pennsylvania!#MakeAmericaGreatAgain https://t.co/bbv3EhGs5x https://t.co/bbroAGTdMw,1,Thank you Pennsylvania!#MakeAmericaGreatAgain https://t.co/bbv3EhGs5x https://t.co/bbroAGTdMw,0.737925096471
177,377,378,758380358874247168,2016-07-27 19:15:42.000000,realDonaldTrump,Thank you to our amazing law enforcement officers! #MAGA https://t.co/UEZorOQhTw,1,Thank you to our amazing law enforcement officers! #MAGA https://t.co/UEZorOQhTw,0.999298998937
178,378,379,758367154232320000,2016-07-27 18:23:14.000000,realDonaldTrump,"""Trump right: Illegal families crossing border set to double, 51,152 so far""https://t.co/1noCe9W6Ru",1,"""Trump right: Illegal families crossing border set to double, 51,152 so far""https://t.co/1noCe9W6Ru",0.110407359819
179,379,380,758350470402408449,2016-07-27 17:16:56.000000,realDonaldTrump,Great new poll - thank you!#MakeAmericaGreatAgain https://t.co/mXovx0TLPC,1,Great new poll - thank you!#MakeAmericaGreatAgain https://t.co/mXovx0TLPC,0.998482317942
180,380,381,758335147183788032,2016-07-27 16:16:02.000000,realDonaldTrump,"If Russia or any other country or person has Hillary Clinton's 33,000 illegally deleted emails, perhaps they should share them with the FBI!",1,"If Russia or any other country or person has Hillary Clinton's 33,000 illegally deleted emails, perhaps they should share them with the FBI!",0.0229801329686
181,381,382,758331893809090560,2016-07-27 16:03:07.000000,realDonaldTrump,"Join our next Vice President, @Mike_Pence in Wisconsin tonight &amp; Michigan Thursday!MI: https://t.co/daR2xIhCEsWI: https://t.co/LKc7e4VZkB",1,"Join our next Vice President, @Mike_Pence in Wisconsin tonight &amp; Michigan Thursday!MI: https://t.co/daR2xIhCEsWI: https://t.co/LKc7e4VZkB",0.05776206587
182,382,383,758286077400580096,2016-07-27 13:01:03.000000,realDonaldTrump,Not one American flag on the massive stage at the Democratic National Convention until people started complaining-then a small one. Pathetic,1,Not one American flag on the massive stage at the Democratic National Convention until people started complaining-then a small one. Pathetic,0.245855514152
183,383,384,758285141982711808,2016-07-27 12:57:20.000000,realDonaldTrump,"Our not very bright Vice President, Joe Biden, just stated that I wanted to ""carpet bomb"" the enemy. Sorry Joe, that was Ted Cruz!",1,"Our not very bright Vice President, Joe Biden, just stated that I wanted to ""carpet bomb"" the enemy. Sorry Joe, that was Ted Cruz!",0.0021998536204
184,384,385,758242674646323200,2016-07-27 10:08:35.000000,realDonaldTrump,Crooked Hillary Clinton wants to flood our country with Syrian immigrants that we know little or nothing about. The danger is massive. NO!,1,Crooked Hillary Clinton wants to flood our country with Syrian immigrants that we know little or nothing about. The danger is massive. NO!,0.022105291362
185,385,386,758240929564258305,2016-07-27 10:01:39.000000,realDonaldTrump,Hopefully the violent and vicious killing by ISIS of a beloved French priest is causing people to start thinking rationally. Get tough!,1,Hopefully the violent and vicious killing by ISIS of a beloved French priest is causing people to start thinking rationally. Get tough!,0.038873136554
186,386,387,758238226180083712,2016-07-27 09:50:55.000000,realDonaldTrump,The Democratic Convention has paid ZERO respect to the great police and law enforcement professionals of our country. No recognition - SAD!,1,The Democratic Convention has paid ZERO respect to the great police and law enforcement professionals of our country. No recognition - SAD!,0.98446976967
187,387,388,758236300554174465,2016-07-27 09:43:16.000000,realDonaldTrump,"Funny how the failing @nytimes is pushing Dems narrative that Russia is working for me because Putin said ""Trump is a genius."" America 1st!",1,"Funny how the failing @nytimes is pushing Dems narrative that Russia is working for me because Putin said ""Trump is a genius."" America 1st!",0.000276874089563
188,388,389,758233935230959617,2016-07-27 09:33:52.000000,realDonaldTrump,"As I have been saying, Crooked Hillary will approve the job killing TPP after the election, despite her statements to the contrary: top adv.",1,"As I have been saying, Crooked Hillary will approve the job killing TPP after the election, despite her statements to the contrary: top adv.",0.00333356919446
189,389,390,758135085820416000,2016-07-27 03:01:04.000000,realDonaldTrump,"Just like I have warned from the beginning, Crooked Hillary Clinton will betray you on the TPP. https://t.co/eoNTWK6I8y",1,"Just like I have warned from the beginning, Crooked Hillary Clinton will betray you on the TPP. https://t.co/eoNTWK6I8y",0.0986253151181
190,390,391,758122684798607360,2016-07-27 02:11:47.000000,realDonaldTrump,Many of Bernie's supporters have left the arena. Did Bernie go home and go to sleep?,1,Many of Bernie's supporters have left the arena. Did Bernie go home and go to sleep?,3.29664454805e-05
191,391,392,758121939365982208,2016-07-27 02:08:50.000000,realDonaldTrump,"I hate to say it, but the Republican Convention was far more interesting (with a much more beautiful set) than the Democratic Convention!",1,"I hate to say it, but the Republican Convention was far more interesting (with a much more beautiful set) than the Democratic Convention!",0.100044862711
192,392,393,758120321845235712,2016-07-27 02:02:24.000000,realDonaldTrump,"No matter what Bill Clinton says and no matter how well he says it, the phony media will exclaim it to be incredible. Highly overrated!",1,"No matter what Bill Clinton says and no matter how well he says it, the phony media will exclaim it to be incredible. Highly overrated!",0.120319475369
193,393,394,758117640200187905,2016-07-27 01:51:45.000000,realDonaldTrump,"You have no idea what my strategy on ISIS is, and neither does ISIS (a good thing). Please get your facts straight - thanks. @megynkelly",1,"You have no idea what my strategy on ISIS is, and neither does ISIS (a good thing). Please get your facts straight - thanks. @megynkelly",0.0387028364444
194,394,395,758071952498159616,2016-07-26 22:50:12.000000,realDonaldTrump,"For the record, I have ZERO investments in Russia.",1,"For the record, I have ZERO investments in Russia.",0.500241370694
195,395,396,758071264128806912,2016-07-26 22:47:28.000000,realDonaldTrump,"In order to try and deflect the horror and stupidity of the Wikileakes disaster, the Dems said maybe it is Russia dealing with Trump. Crazy!",1,"In order to try and deflect the horror and stupidity of the Wikileakes disaster, the Dems said maybe it is Russia dealing with Trump. Crazy!",6.02693533765e-05
196,396,397,758030957530255360,2016-07-26 20:07:18.000000,realDonaldTrump,#CrookedHillary https://t.co/mSZYKnWswQ,1,#CrookedHillary https://t.co/mSZYKnWswQ,0.0738840504469
197,397,398,758026136299397120,2016-07-26 19:48:08.000000,realDonaldTrump,Dems don't want to talk ISIS b/c Hillary's foreign interventions unleashed ISIS &amp; her refugee plans make it easier for them to come here.,1,Dems don't want to talk ISIS b/c Hillary's foreign interventions unleashed ISIS &amp; her refugee plans make it easier for them to come here.,0.00470402918606
198,398,399,758021060503756804,2016-07-26 19:27:58.000000,realDonaldTrump,"Bernie's exhausted, he just wants to shut down and go home to bed!",1,"Bernie's exhausted, he just wants to shut down and go home to bed!",0.000283988348587
199,399,400,758020997383684096,2016-07-26 19:27:43.000000,realDonaldTrump,The invention of email has proven to be a very bad thing for Crooked Hillary in that it has proven her to be both incompetent and a liar!,1,The invention of email has proven to be a very bad thing for Crooked Hillary in that it has proven her to be both incompetent and a liar!,0.00204369342718
