,Text,Date,Favorites,Retweets,Tweet ID,sentiments,processed
0,The judge opens up our country to potential terrorists and others that do not have our best interests at heart. Bad people are very happy!,2017-02-04 19:48:12,95701,21884,828042506851934209,0.9981964831241048,"['The', 'judge', 'opens', 'up', 'our', 'country', 'to', 'potential', 'terrorists', 'and', 'others', 'that', 'do', 'not', 'have', 'our', 'best', 'interests', 'at', 'heart', 'Bad', 'people', 'are', 'very', 'happy']"
1,Interview with @oreillyfactor on Fox Network - 4:00 P.M. (prior to Super Bowl). Enjoy!,2017-02-04 19:34:50,54301,9623,828039143318024194,0.31562252272383534,"['Interview', 'with', '@oreillyfactor', 'on', 'Fox', 'Network', '4', '00', 'P', 'M', 'prior', 'to', 'Super', 'Bowl', 'Enjoy']"
2,"Why aren't the lawyers looking at and using the Federal Court decision in Boston, which is at conflict with ridiculous lift ban decision?",2017-02-04 18:37:59,76523,15006,828024835670413312,0.00029572145478655703,"['Why', ""aren't"", 'the', 'lawyers', 'looking', 'at', 'and', 'using', 'the', 'Federal', 'Court', 'decision', 'in', 'Boston', 'which', 'is', 'at', 'conflict', 'with', 'ridiculous', 'lift', 'ban', 'decision']"
3,"Because the ban was lifted by a judge, many very bad and dangerous people may be pouring into our country. A terrible decision",2017-02-04 16:44:49,112769,25463,827996357252243456,2.2030566108351454e-05,"['Because', 'the', 'ban', 'was', 'lifted', 'by', 'a', 'judge', 'many', 'very', 'bad', 'and', 'dangerous', 'people', 'may', 'be', 'pouring', 'into', 'our', 'country', 'A', 'terrible', 'decision']"
4,"What is our country coming to when a judge can halt a Homeland Security travel ban and anyone, even with bad intentions, can come into U.S.?",2017-02-04 15:44:07,124434,28763,827981079042805761,0.0009491096031608313,"['What', 'is', 'our', 'country', 'coming', 'to', 'when', 'a', 'judge', 'can', 'halt', 'a', 'Homeland', 'Security', 'travel', 'ban', 'and', 'anyone', 'even', 'with', 'bad', 'intentions', 'can', 'come', 'into', 'U', 'S']"
5,MAKE AMERICA GREAT AGAIN!,2017-02-04 09:26:10,233327,61267,827885966509604865,0.6854028387652519,"['MAKE', 'AMERICA', 'GREAT', 'AGAIN']"
6,"After being forced to apologize for its bad and inaccurate coverage of me after winning the election, the FAKE NEWS @nytimes is still lost!",2017-02-04 08:39:27,93643,16359,827874208021639168,4.519595551033082e-06,"['After', 'being', 'forced', 'to', 'apologize', 'for', 'its', 'bad', 'and', 'inaccurate', 'coverage', 'of', 'me', 'after', 'winning', 'the', 'election', 'the', 'FAKE', 'NEWS', '@nytimes', 'is', 'still', 'lost']"
7,"The opinion of this so-called judge, which essentially takes law-enforcement away from our country, is ridiculous and will be overturned!",2017-02-04 08:12:02,145858,31692,827867311054974976,0.0003047870398021413,"['The', 'opinion', 'of', 'this', 'so-called', 'judge', 'which', 'essentially', 'takes', 'law-enforcement', 'away', 'from', 'our', 'country', 'is', 'ridiculous', 'and', 'will', 'be', 'overturned']"
8,Interesting that certain Middle-Eastern countries agree with the ban. They know if certain people are allowed in it's death & destruction!,2017-02-04 08:06:39,125682,26192,827865957750161408,0.013497059639956956,"['Interesting', 'that', 'certain', 'Middle-Eastern', 'countries', 'agree', 'with', 'the', 'ban', 'They', 'know', 'if', 'certain', 'people', 'are', 'allowed', 'in', ""it's"", 'death', 'destruction']"
9,"When a country is no longer able to say who can, and who cannot , come in & out, especially for reasons of safety &.security - big trouble!",2017-02-04 07:59:35,159761,35455,827864176043376640,0.0006324861126002868,"['When', 'a', 'country', 'is', 'no', 'longer', 'able', 'to', 'say', 'who', 'can', 'and', 'who', 'cannot', 'come', 'in', 'out', 'especially', 'for', 'reasons', 'of', 'safety', 'security', 'big', 'trouble']"
10,Countries charge U.S. companies taxes or tariffs while the U.S. charges them nothing or little.We should charge them SAME as they charge us!,2017-02-03 22:07:47,143986,25854,827715246135574530,0.6738839847660811,"['Countries', 'charge', 'U', 'S', 'companies', 'taxes', 'or', 'tariffs', 'while', 'the', 'U', 'S', 'charges', 'them', 'nothing', 'or', 'little', 'We', 'should', 'charge', 'them', 'SAME', 'as', 'they', 'charge', 'us']"
11,"We must keep ""evil"" out of our country!",2017-02-03 18:08:38,193460,42925,827655062835052544,0.06048697044222277,"['We', 'must', 'keep', 'evil', 'out', 'of', 'our', 'country']"
12,A new radical Islamic terrorist has just attacked in Louvre Museum in Paris. Tourists were locked down. France on edge again. GET SMART U.S.,2017-02-03 07:51:58,159282,41490,827499871011819520,0.000987222780367149,"['A', 'new', 'radical', 'Islamic', 'terrorist', 'has', 'just', 'attacked', 'in', 'Louvre', 'Museum', 'in', 'Paris', 'Tourists', 'were', 'locked', 'down', 'France', 'on', 'edge', 'again', 'GET', 'SMART', 'U', 'S']"
13,"Professional anarchists, thugs and paid protesters are proving the point of the millions of people who voted to MAKE AMERICA GREAT AGAIN!",2017-02-03 06:48:16,168671,42359,827483841589891073,0.15198048684307655,"['Professional', 'anarchists', 'thugs', 'and', 'paid', 'protesters', 'are', 'proving', 'the', 'point', 'of', 'the', 'millions', 'of', 'people', 'who', 'voted', 'to', 'MAKE', 'AMERICA', 'GREAT', 'AGAIN']"
14,"Meeting with biggest business leaders this morning. Good jobs are coming back to U.S., health care and tax bills are being crafted NOW!",2017-02-03 06:41:11,121231,19042,827482059438432260,0.007603987286270191,"['Meeting', 'with', 'biggest', 'business', 'leaders', 'this', 'morning', 'Good', 'jobs', 'are', 'coming', 'back', 'to', 'U', 'S', 'health', 'care', 'and', 'tax', 'bills', 'are', 'being', 'crafted', 'NOW']"
15,Thank you to Prime Minister of Australia for telling the truth about our very civil conversation that FAKE NEWS media lied about. Very nice!,2017-02-03 06:34:32,144349,32362,827480386120929280,0.5144688979763744,"['Thank', 'you', 'to', 'Prime', 'Minister', 'of', 'Australia', 'for', 'telling', 'the', 'truth', 'about', 'our', 'very', 'civil', 'conversation', 'that', 'FAKE', 'NEWS', 'media', 'lied', 'about', 'Very', 'nice']"
16,"Iran is playing with fire - they don't appreciate how ""kind"" President Obama was to them. Not me!",2017-02-03 06:28:02,148869,44782,827478751931924480,0.00016119658173529978,"['Iran', 'is', 'playing', 'with', 'fire', 'they', ""don't"", 'appreciate', 'how', 'kind', 'President', 'Obama', 'was', 'to', 'them', 'Not', 'me']"
17,"Yes, Arnold Schwarzenegger did a really bad job as Governor of California and even worse on the Apprentice...but at least he tried hard!",2017-02-03 06:24:51,112474,22874,827477947154063361,8.908079536127228e-06,"['Yes', 'Arnold', 'Schwarzenegger', 'did', 'a', 'really', 'bad', 'job', 'as', 'Governor', 'of', 'California', 'and', 'even', 'worse', 'on', 'the', 'Apprentice', 'but', 'at', 'least', 'he', 'tried', 'hard']"
18,"Thank you, @Samsung! We would love to have you!https://www.axios.com/trump-effect-samsung-may-build-u-s-factory-2233101986.html …",2017-02-02 12:29:16,122892,25976,827207267632164868,0.9371983803685111,"['Thank', 'you', '@Samsung', 'We', 'would', 'love', 'to', 'have', 'you', 'https://www.axios.com/trump-effect-samsung-may-build-u-s-factory-2233101986.html', '…']"
19,Iran was on its last legs and ready to collapse until the U.S. came along and gave it a life-line in the form of the Iran Deal: $150 billion,2017-02-02 06:39:49,95590,24159,827119326880813056,0.014690001416929992,"['Iran', 'was', 'on', 'its', 'last', 'legs', 'and', 'ready', 'to', 'collapse', 'until', 'the', 'U', 'S', 'came', 'along', 'and', 'gave', 'it', 'a', 'life-line', 'in', 'the', 'form', 'of', 'the', 'Iran', 'Deal', '150', 'billion']"
20,Iran has been formally PUT ON NOTICE for firing a ballistic missile.Should have been thankful for the terrible deal the U.S. made with them!,2017-02-02 06:34:36,101011,20978,827118012784373760,0.0013787952987733372,"['Iran', 'has', 'been', 'formally', 'PUT', 'ON', 'NOTICE', 'for', 'firing', 'a', 'ballistic', 'missile', 'Should', 'have', 'been', 'thankful', 'for', 'the', 'terrible', 'deal', 'the', 'U', 'S', 'made', 'with', 'them']"
21,Attending Chief Ryan Owens' Dignified Transfer yesterday with my daughter Ivanka was my great honor. To a great and brave man - thank you!,2017-02-02 06:25:40,122350,16679,827115768202534913,0.7900174430861745,"['Attending', 'Chief', 'Ryan', 'Owens', 'Dignified', 'Transfer', 'yesterday', 'with', 'my', 'daughter', 'Ivanka', 'was', 'my', 'great', 'honor', 'To', 'a', 'great', 'and', 'brave', 'man', 'thank', 'you']"
22,Congratulations to Rex Tillerson on being sworn in as our new Secretary of State. He will be a star!,2017-02-02 06:18:21,113718,15924,827113926517194757,0.7453210823189163,"['Congratulations', 'to', 'Rex', 'Tillerson', 'on', 'being', 'sworn', 'in', 'as', 'our', 'new', 'Secretary', 'of', 'State', 'He', 'will', 'be', 'a', 'star']"
23,If U.C. Berkeley does not allow free speech and practices violence on innocent people with a different point of view - NO FEDERAL FUNDS?,2017-02-02 06:13:13,211386,59092,827112633224544256,0.07998525418941745,"['If', 'U', 'C', 'Berkeley', 'does', 'not', 'allow', 'free', 'speech', 'and', 'practices', 'violence', 'on', 'innocent', 'people', 'with', 'a', 'different', 'point', 'of', 'view', 'NO', 'FEDERAL', 'FUNDS']"
24,Do you believe it? The Obama Administration agreed to take thousands of illegal immigrants from Australia. Why? I will study this dumb deal!,2017-02-01 22:55:49,151590,37715,827002559122567168,0.011894852608700835,"['Do', 'you', 'believe', 'it', 'The', 'Obama', 'Administration', 'agreed', 'to', 'take', 'thousands', 'of', 'illegal', 'immigrants', 'from', 'Australia', 'Why', 'I', 'will', 'study', 'this', 'dumb', 'deal']"
25,Iran is rapidly taking over more and more of Iraq even after the U.S. has squandered three trillion dollars there. Obvious long ago!,2017-02-01 22:06:14,92446,21037,826990079738540033,0.0011846515592928272,"['Iran', 'is', 'rapidly', 'taking', 'over', 'more', 'and', 'more', 'of', 'Iraq', 'even', 'after', 'the', 'U', 'S', 'has', 'squandered', 'three', 'trillion', 'dollars', 'there', 'Obvious', 'long', 'ago']"
26,"Everybody is arguing whether or not it is a BAN. Call it what you want, it is about keeping bad people (with bad intentions) out of country!",2017-02-01 07:50:16,252821,61106,826774668245946368,0.0011240368121320273,"['Everybody', 'is', 'arguing', 'whether', 'or', 'not', 'it', 'is', 'a', 'BAN', 'Call', 'it', 'what', 'you', 'want', 'it', 'is', 'about', 'keeping', 'bad', 'people', 'with', 'bad', 'intentions', 'out', 'of', 'country']"
27,"Hope you like my nomination of Judge Neil Gorsuch for the United States Supreme Court. He is a good and brilliant man, respected by all.",2017-01-31 22:45:26,252130,34670,826637556787838976,0.9903788187605358,"['Hope', 'you', 'like', 'my', 'nomination', 'of', 'Judge', 'Neil', 'Gorsuch', 'for', 'the', 'United', 'States', 'Supreme', 'Court', 'He', 'is', 'a', 'good', 'and', 'brilliant', 'man', 'respected', 'by', 'all']"
28,"Join me live from the @WhiteHouse.
https://www.facebook.com/POTUS/videos/1240366106032827/ …",2017-01-31 20:01:03,52229,6553,826596187453153281,0.016027291201746313,"['Join', 'me', 'live', 'from', 'the', '@WhiteHouse', 'https://www.facebook.com/POTUS/videos/1240366106032827/', '…']"
29,Getting ready to deliver a VERY IMPORTANT DECISION!  8:00 P.M.,2017-01-31 19:31:08,103095,16657,826588658304217088,0.9885946140707623,"['Getting', 'ready', 'to', 'deliver', 'a', 'VERY', 'IMPORTANT', 'DECISION', '8', '00', 'P', 'M']"
30,When will the Democrats give us our Attorney General and rest of Cabinet! They should be ashamed of themselves! No wonder D.C. doesn't work!,2017-01-31 06:27:02,180415,39307,826391334248407040,0.7635805621036559,"['When', 'will', 'the', 'Democrats', 'give', 'us', 'our', 'Attorney', 'General', 'and', 'rest', 'of', 'Cabinet', 'They', 'should', 'be', 'ashamed', 'of', 'themselves', 'No', 'wonder', 'D', 'C', ""doesn't"", 'work']"
31,Nancy Pelosi and Fake Tears Chuck Schumer held a rally  at the steps of The Supreme Court and mic did not work (a mess)-just like Dem party!,2017-01-31 06:21:52,153680,31601,826390034693623809,0.004972235024144398,"['Nancy', 'Pelosi', 'and', 'Fake', 'Tears', 'Chuck', 'Schumer', 'held', 'a', 'rally', 'at', 'the', 'steps', 'of', 'The', 'Supreme', 'Court', 'and', 'mic', 'did', 'not', 'work', 'a', 'mess', 'just', 'like', 'Dem', 'party']"
32,The Democrats are delaying my cabinet picks for purely political reasons. They have nothing going but to obstruct. Now have an Obama A.G.,2017-01-30 19:45:50,128159,28247,826229971584708608,0.003121521587696167,"['The', 'Democrats', 'are', 'delaying', 'my', 'cabinet', 'picks', 'for', 'purely', 'political', 'reasons', 'They', 'have', 'nothing', 'going', 'but', 'to', 'obstruct', 'Now', 'have', 'an', 'Obama', 'A', 'G']"
33,"The American dream is back. We’re going to create an environment for small business like we haven’t had in many, many decades!pic.twitter.com/ZuJNaN6z8b",2017-01-30 16:07:52,177756,34926,826175120238604288,0.8400405049693646,"['The', 'American', 'dream', 'is', 'back', 'We', '’', 're', 'going', 'to', 'create', 'an', 'environment', 'for', 'small', 'business', 'like', 'we', 'haven', '’', 't', 'had', 'in', 'many', 'many', 'decades', 'pic', 'twitter', 'com', 'ZuJNaN', '6', 'z8b']"
34,Where was all the outrage from Democrats and the opposition party (the media) when our jobs were fleeing our country?,2017-01-30 09:23:49,164939,33169,826073437735100418,1.763219230870078e-05,"['Where', 'was', 'all', 'the', 'outrage', 'from', 'Democrats', 'and', 'the', 'opposition', 'party', 'the', 'media', 'when', 'our', 'jobs', 'were', 'fleeing', 'our', 'country']"
35,I have made my decision on who I will nominate for The United States Supreme Court. It will be announced live on Tuesday at 8:00 P.M. (W.H.),2017-01-30 08:43:25,128351,25474,826063267760046080,0.06477141897921154,"['I', 'have', 'made', 'my', 'decision', 'on', 'who', 'I', 'will', 'nominate', 'for', 'The', 'United', 'States', 'Supreme', 'Court', 'It', 'will', 'be', 'announced', 'live', 'on', 'Tuesday', 'at', '8', '00', 'P', 'M', 'W', 'H']"
36,"If the ban were announced with a one week notice, the ""bad"" would rush into our country during that week. A lot of bad ""dudes"" out there!",2017-01-30 08:31:00,173484,36040,826060143825666051,3.6766493070986945e-06,"['If', 'the', 'ban', 'were', 'announced', 'with', 'a', 'one', 'week', 'notice', 'the', 'bad', 'would', 'rush', 'into', 'our', 'country', 'during', 'that', 'week', 'A', 'lot', 'of', 'bad', 'dudes', 'out', 'there']"
37,There is nothing nice about searching for terrorists before they can enter our country. This was a big part of my campaign. Study the world!,2017-01-30 07:27:05,175093,35668,826044059647107073,0.7004288677529393,"['There', 'is', 'nothing', 'nice', 'about', 'searching', 'for', 'terrorists', 'before', 'they', 'can', 'enter', 'our', 'country', 'This', 'was', 'a', 'big', 'part', 'of', 'my', 'campaign', 'Study', 'the', 'world']"
38,protesters and the tears of Senator Schumer. Secretary Kelly said that all is going well with very few problems. MAKE AMERICA SAFE AGAIN!,2017-01-30 07:20:49,135361,24428,826042483155013632,0.8732205497112554,"['protesters', 'and', 'the', 'tears', 'of', 'Senator', 'Schumer', 'Secretary', 'Kelly', 'said', 'that', 'all', 'is', 'going', 'well', 'with', 'very', 'few', 'problems', 'MAKE', 'AMERICA', 'SAFE', 'AGAIN']"
39,"Only 109 people out of 325,000 were detained and held for questioning. Big problems at airports were caused by Delta computer outage,.....",2017-01-30 07:16:30,131990,31479,826041397232943104,2.1524033340330892e-05,"['Only', '109', 'people', 'out', 'of', '325,000', 'were', 'detained', 'and', 'held', 'for', 'questioning', 'Big', 'problems', 'at', 'airports', 'were', 'caused', 'by', 'Delta', 'computer', 'outage']"
40,I will be interviewed by @TheBrodyFile on @CBNNews tonight at 11pm. Enjoy!,2017-01-29 18:39:53,67901,11187,825850987348914184,0.5535774474372407,"['I', 'will', 'be', 'interviewed', 'by', '@TheBrodyFile', 'on', '@CBNNews', 'tonight', 'at', '11', 'pm', 'Enjoy']"
41,Statement Regarding Recent Executive Order Concerning Extreme Vetting: https://www.facebook.com/DonaldTrump/posts/10158567643610725 …,2017-01-29 18:28:50,69572,17235,825848204633731074,0.08786475819327089,"['Statement', 'Regarding', 'Recent', 'Executive', 'Order', 'Concerning', 'Extreme', 'Vetting', 'https://www.facebook.com/DonaldTrump/posts/10158567643610725', '…']"
42,"...Senators should focus their energies on ISIS, illegal immigration and border security instead of always looking to start World War III.",2017-01-29 16:49:32,172070,42772,825823217025691648,0.0012989465944157053,"['Senators', 'should', 'focus', 'their', 'energies', 'on', 'ISIS', 'illegal', 'immigration', 'and', 'border', 'security', 'instead', 'of', 'always', 'looking', 'to', 'start', 'World', 'War', 'III']"
43,The joint statement of former presidential candidates John McCain & Lindsey Graham is wrong - they are sadly weak on immigration. The two...,2017-01-29 16:45:58,108582,24197,825822320128303110,0.0005479900058830696,"['The', 'joint', 'statement', 'of', 'former', 'presidential', 'candidates', 'John', 'McCain', 'Lindsey', 'Graham', 'is', 'wrong', 'they', 'are', 'sadly', 'weak', 'on', 'immigration', 'The', 'two']"
44,Christians in the Middle-East have been executed in large numbers. We cannot allow this horror to continue!,2017-01-29 10:03:58,226284,60004,825721153142521858,0.009784846728383395,"['Christians', 'in', 'the', 'Middle-East', 'have', 'been', 'executed', 'in', 'large', 'numbers', 'We', 'cannot', 'allow', 'this', 'horror', 'to', 'continue']"
45,"Our country needs strong borders and extreme vetting, NOW. Look what is happening all over Europe and, indeed, the world - a horrible mess!",2017-01-29 08:08:18,221734,51357,825692045532618753,0.11888018442401371,"['Our', 'country', 'needs', 'strong', 'borders', 'and', 'extreme', 'vetting', 'NOW', 'Look', 'what', 'is', 'happening', 'all', 'over', 'Europe', 'and', 'indeed', 'the', 'world', 'a', 'horrible', 'mess']"
46,Somebody with aptitude and conviction should buy the FAKE NEWS and failing @nytimes and either run it correctly or let it fold with dignity!,2017-01-29 08:00:32,113398,22653,825690087857995776,0.074915509752195,"['Somebody', 'with', 'aptitude', 'and', 'conviction', 'should', 'buy', 'the', 'FAKE', 'NEWS', 'and', 'failing', '@nytimes', 'and', 'either', 'run', 'it', 'correctly', 'or', 'let', 'it', 'fold', 'with', 'dignity']"
47,"Today, we remember the crew of the Space Shuttle Challenger, 31 years later. #NeverForgetpic.twitter.com/OhshQsFRfl",2017-01-28 10:42:58,171270,32936,825368580325773312,0.8023515302958968,"['Today', 'we', 'remember', 'the', 'crew', 'of', 'the', 'Space', 'Shuttle', 'Challenger', '31', 'years', 'later', '#NeverForgetpic', 'twitter', 'com', 'OhshQsFRfl']"
48,"...dwindling subscribers and readers.They got me wrong right from the beginning and still have not changed course, and never will. DISHONEST",2017-01-28 08:16:17,106543,16179,825331665509691393,0.022295155542399765,"['dwindling', 'subscribers', 'and', 'readers', 'They', 'got', 'me', 'wrong', 'right', 'from', 'the', 'beginning', 'and', 'still', 'have', 'not', 'changed', 'course', 'and', 'never', 'will', 'DISHONEST']"
49,Thr coverage about me in the @nytimes and the @washingtonpost gas been so false and angry that the times actually apologized to its.....,2017-01-28 08:08:42,80208,13846,825329757646618624,7.564242158121288e-05,"['Thr', 'coverage', 'about', 'me', 'in', 'the', '@nytimes', 'and', 'the', '@washingtonpost', 'gas', 'been', 'so', 'false', 'and', 'angry', 'that', 'the', 'times', 'actually', 'apologized', 'to', 'its']"
50,"The failing @nytimes has been wrong about me from the very beginning. Said I would lose the primaries, then the general election. FAKE NEWS!",2017-01-28 08:04:58,110672,21042,825328817833123840,6.179453495874329e-07,"['The', 'failing', '@nytimes', 'has', 'been', 'wrong', 'about', 'me', 'from', 'the', 'very', 'beginning', 'Said', 'I', 'would', 'lose', 'the', 'primaries', 'then', 'the', 'general', 'election', 'FAKE', 'NEWS']"
51,I promise that our administration will ALWAYS have your back. We will ALWAYS be with you!pic.twitter.com/D0aOWhOH4X,2017-01-27 18:46:22,150424,29161,825127844066054144,0.8926218947760294,"['I', 'promise', 'that', 'our', 'administration', 'will', 'ALWAYS', 'have', 'your', 'back', 'We', 'will', 'ALWAYS', 'be', 'with', 'you', 'pic', 'twitter', 'com', 'D0aOWhOH4X']"
52,Statement on International Holocaust Remembrance Day: https://www.whitehouse.gov/the-press-office/2017/01/27/statement-president-international-holocaust-remembrance-day …,2017-01-27 15:20:15,57957,10806,825075972659613696,0.01427858276812188,"['Statement', 'on', 'International', 'Holocaust', 'Remembrance', 'Day', 'https://www.whitehouse.gov/the-press-office/2017/01/27/statement-president-international-holocaust-remembrance-day', '…']"
53,.@VP Mike Pence will be speaking at today's #MarchForLife -- You have our full support!https://twitter.com/vp/status/824757313441525761 …,2017-01-27 11:30:29,88967,16248,825018149397463040,0.3814222697845067,"['@VP', 'Mike', 'Pence', 'will', 'be', 'speaking', 'at', ""today's"", '#MarchForLife', 'You', 'have', 'our', 'full', 'support', 'https://twitter.com/vp/status/824757313441525761', '…']"
54,The #MarchForLife is so important. To all of you marching --- you have my full support!,2017-01-27 11:27:02,187251,46447,825017279209410561,0.9889394135558723,"['The', '#MarchForLife', 'is', 'so', 'important', 'To', 'all', 'of', 'you', 'marching', 'you', 'have', 'my', 'full', 'support']"
55,"Mexico has taken advantage of the U.S. for long enough. Massive trade deficits & little help on the very weak border must change, NOW!",2017-01-27 08:19:10,162119,31159,824970003153842176,0.0011549175758868906,"['Mexico', 'has', 'taken', 'advantage', 'of', 'the', 'U', 'S', 'for', 'long', 'enough', 'Massive', 'trade', 'deficits', 'little', 'help', 'on', 'the', 'very', 'weak', 'border', 'must', 'change', 'NOW']"
56,"Look forward to seeing final results of VoteStand. Gregg Phillips and crew say at least 3,000,000 votes were illegal. We must do better!",2017-01-27 08:12:52,89635,17618,824968416486387713,0.35168636610840054,"['Look', 'forward', 'to', 'seeing', 'final', 'results', 'of', 'VoteStand', 'Gregg', 'Phillips', 'and', 'crew', 'say', 'at', 'least', '3,000,000', 'votes', 'were', 'illegal', 'We', 'must', 'do', 'better']"
57,Miami-Dade Mayor drops sanctuary policy. Right decision. Strong!http://www.miamiherald.com/news/local/community/miami-dade/article128984759.html …,2017-01-26 18:53:37,114030,25256,824767281146245120,0.3374591493153432,"['Miami-Dade', 'Mayor', 'drops', 'sanctuary', 'policy', 'Right', 'decision', 'Strong', 'http://www.miamiherald.com/news/local/community/miami-dade/article128984759.html', '…']"
58,Will be interviewed by @SeanHannity on @FoxNews at 10:00pm tonight. Enjoy!,2017-01-26 18:45:28,74231,10787,824765229527605248,0.04197227710751125,"['Will', 'be', 'interviewed', 'by', '@SeanHannity', 'on', '@FoxNews', 'at', '10', '00', 'pm', 'tonight', 'Enjoy']"
59,"Spoke at the Congressional @GOP Retreat in Philadelphia, PA. this afternoon w/ @VP, @SenateMajLdr, @SpeakerRyan. Thank you for your support!pic.twitter.com/DEv2DnksDc",2017-01-26 14:21:17,72861,11381,824698743630995457,0.551003674508203,"['Spoke', 'at', 'the', 'Congressional', '@GOP', 'Retreat', 'in', 'Philadelphia', 'PA', 'this', 'afternoon', 'w', '@VP', '@SenateMajLdr', '@SpeakerRyan', 'Thank', 'you', 'for', 'your', 'support', 'pic', 'twitter', 'com', 'DEv', '2', 'DnksDc']"
60,"of jobs and companies lost. If Mexico is unwilling to pay for the badly needed wall, then it would be better to cancel the upcoming meeting.",2017-01-26 08:55:03,117426,28678,824616644370714627,1.8804596778565396e-05,"['of', 'jobs', 'and', 'companies', 'lost', 'If', 'Mexico', 'is', 'unwilling', 'to', 'pay', 'for', 'the', 'badly', 'needed', 'wall', 'then', 'it', 'would', 'be', 'better', 'to', 'cancel', 'the', 'upcoming', 'meeting']"
61,The U.S. has a 60 billion dollar trade deficit with Mexico. It has been a one-sided deal from the beginning of NAFTA with massive numbers...,2017-01-26 08:51:46,108439,26425,824615820391305216,0.002771066608144418,"['The', 'U', 'S', 'has', 'a', '60', 'billion', 'dollar', 'trade', 'deficit', 'with', 'Mexico', 'It', 'has', 'been', 'a', 'one-sided', 'deal', 'from', 'the', 'beginning', 'of', 'NAFTA', 'with', 'massive', 'numbers']"
62,"Ungrateful TRAITOR Chelsea Manning, who should never have been released from prison, is now calling President Obama a weak leader. Terrible!",2017-01-26 06:04:24,130302,28495,824573698774601729,0.0006002467874528101,"['Ungrateful', 'TRAITOR', 'Chelsea', 'Manning', 'who', 'should', 'never', 'have', 'been', 'released', 'from', 'prison', 'is', 'now', 'calling', 'President', 'Obama', 'a', 'weak', 'leader', 'Terrible']"
63,Interview with David Muir of @ABC News in 10 minutes. Enjoy!,2017-01-25 21:48:25,54243,6558,824448880993509376,0.0230755743535518,"['Interview', 'with', 'David', 'Muir', 'of', '@ABC', 'News', 'in', '10', 'minutes', 'Enjoy']"
64,"""@romoabcnews: .@DavidMuir first @POTUS interview since taking office.  Tonight on @ABCWorldNews @ABC2020 tonight. pic.twitter.com/I4Vz1mRdBK""",2017-01-25 21:45:32,44981,6477,824448156935081984,0.01671982145174452,"['@romoabcnews', '@DavidMuir', 'first', '@POTUS', 'interview', 'since', 'taking', 'office', 'Tonight', 'on', '@ABCWorldNews', '@ABC2020', 'tonight', 'pic', 'twitter', 'com', 'I4Vz1mRdBK']"
65,"As your President, I have no higher duty than to protect the lives of the American people.pic.twitter.com/o7YNUNwb8f",2017-01-25 21:14:56,153930,29392,824440456813707265,0.006681867835153834,"['As', 'your', 'President', 'I', 'have', 'no', 'higher', 'duty', 'than', 'to', 'protect', 'the', 'lives', 'of', 'the', 'American', 'people', 'pic', 'twitter', 'com', 'o7YNUNwb8f']"
66,"Beginning today, the United States of America gets back control of its borders. Full speech from today @DHSgov: http://bit.ly/2jSZomhDHS pic.twitter.com/48iZam5Fai",2017-01-25 19:03:33,111266,23472,824407390674157568,0.013419311984648042,"['Beginning', 'today', 'the', 'United', 'States', 'of', 'America', 'gets', 'back', 'control', 'of', 'its', 'borders', 'Full', 'speech', 'from', 'today', '@DHSgov', 'http://bit.ly/2jSZomhDHS', 'pic', 'twitter', 'com', '48', 'iZam', '5', 'Fai']"
67,I will be interviewed by @DavidMuir tonight at 10 o'clock on @ABC. Will be my first interview from the White House. Enjoy!pic.twitter.com/okiZ8ZeDgz – at The White House,2017-01-25 17:05:59,76439,12600,824377804590563339,0.01628458586416566,"['I', 'will', 'be', 'interviewed', 'by', '@DavidMuir', 'tonight', 'at', '10', ""o'clock"", 'on', '@ABC', 'Will', 'be', 'my', 'first', 'interview', 'from', 'the', 'White', 'House', 'Enjoy', 'pic', 'twitter', 'com', 'okiZ', '8', 'ZeDgz', '–', 'at', 'The', 'White', 'House']"
68,I will be making my Supreme Court pick on Thursday of next week.Thank you!,2017-01-25 07:17:01,134466,22164,824229586091307008,0.6406924461548978,"['I', 'will', 'be', 'making', 'my', 'Supreme', 'Court', 'pick', 'on', 'Thursday', 'of', 'next', 'week', 'Thank', 'you']"
69,"even, those registered to vote who are dead (and many for a long time). Depending on results, we will strengthen up voting procedures!",2017-01-25 07:13:46,108732,19193,824228768227217408,0.0020758056587803714,"['even', 'those', 'registered', 'to', 'vote', 'who', 'are', 'dead', 'and', 'many', 'for', 'a', 'long', 'time', 'Depending', 'on', 'results', 'we', 'will', 'strengthen', 'up', 'voting', 'procedures']"
70,"I will be asking for a major investigation into VOTER FRAUD, including those registered to vote in two states, those who are illegal and....",2017-01-25 07:10:01,131872,26364,824227824903090176,0.4529403749162159,"['I', 'will', 'be', 'asking', 'for', 'a', 'major', 'investigation', 'into', 'VOTER', 'FRAUD', 'including', 'those', 'registered', 'to', 'vote', 'in', 'two', 'states', 'those', 'who', 'are', 'illegal', 'and']"
71,"Big day planned on NATIONAL SECURITY tomorrow. Among many other things, we will build the wall!",2017-01-24 21:37:48,197678,55603,824083821889015809,0.2783788715222469,"['Big', 'day', 'planned', 'on', 'NATIONAL', 'SECURITY', 'tomorrow', 'Among', 'many', 'other', 'things', 'we', 'will', 'build', 'the', 'wall']"
72,"If Chicago doesn't fix the horrible ""carnage"" going on, 228 shootings in 2017 with 42 killings (up 24% from 2016), I will send in the Feds!",2017-01-24 21:25:40,213146,57430,824080766288228352,0.004062974006192543,"['If', 'Chicago', ""doesn't"", 'fix', 'the', 'horrible', 'carnage', 'going', 'on', '228', 'shootings', 'in', '2017', 'with', '42', 'killings', 'up', '24', 'from', '2016', 'I', 'will', 'send', 'in', 'the', 'Feds']"
73,Congratulations to @FoxNews for being number one in inauguration ratings. They were many times higher than FAKE NEWS @CNN - public is smart!,2017-01-24 21:16:19,165343,32704,824078417213747200,0.2425752690257119,"['Congratulations', 'to', '@FoxNews', 'for', 'being', 'number', 'one', 'in', 'inauguration', 'ratings', 'They', 'were', 'many', 'times', 'higher', 'than', 'FAKE', 'NEWS', '@CNN', 'public', 'is', 'smart']"
74,Great meeting with Ford CEO Mark Fields and General Motors CEO Mary Barra at the @WhiteHouse today.pic.twitter.com/T0eIgO6LP8,2017-01-24 19:46:57,102253,18928,824055927200423936,0.946545580872877,"['Great', 'meeting', 'with', 'Ford', 'CEO', 'Mark', 'Fields', 'and', 'General', 'Motors', 'CEO', 'Mary', 'Barra', 'at', 'the', '@WhiteHouse', 'today', 'pic', 'twitter', 'com', 'T0eIgO6LP8']"
75,Signing orders to move forward with the construction of the Keystone XL and Dakota Access pipelines in the Oval Office.pic.twitter.com/OErGmbBvYK – at The Oval Office,2017-01-24 12:49:17,133850,26164,823950814163140609,0.9937446574308626,"['Signing', 'orders', 'to', 'move', 'forward', 'with', 'the', 'construction', 'of', 'the', 'Keystone', 'XL', 'and', 'Dakota', 'Access', 'pipelines', 'in', 'the', 'Oval', 'Office', 'pic', 'twitter', 'com', 'OErGmbBvYK', '–', 'at', 'The', 'Oval', 'Office']"
76,"Great meeting with automobile industry leaders at the @WhiteHouse this morning. Together, we will #MAGA!pic.twitter.com/OXdiLOkGsZ",2017-01-24 12:04:01,100474,16522,823939422743830528,0.2655681177138499,"['Great', 'meeting', 'with', 'automobile', 'industry', 'leaders', 'at', 'the', '@WhiteHouse', 'this', 'morning', 'Together', 'we', 'will', '#MAGA', 'pic', 'twitter', 'com', 'OXdiLOkGsZ']"
77,A photo delivered yesterday that will be displayed in the upper/lower press hall. Thank you Abbas!pic.twitter.com/Uzp0ivvRp0,2017-01-24 11:58:06,110765,21127,823937936056008704,0.9885387475577292,"['A', 'photo', 'delivered', 'yesterday', 'that', 'will', 'be', 'displayed', 'in', 'the', 'upper', 'lower', 'press', 'hall', 'Thank', 'you', 'Abbas', 'pic', 'twitter', 'com', 'Uzp', '0', 'ivvRp', '0']"
78,Will be meeting at 9:00 with top automobile executives concerning jobs in America. I want new plants to be built here for cars sold here!,2017-01-24 06:11:47,157063,24137,823850781946343427,0.1399521506302857,"['Will', 'be', 'meeting', 'at', '9', '00', 'with', 'top', 'automobile', 'executives', 'concerning', 'jobs', 'in', 'America', 'I', 'want', 'new', 'plants', 'to', 'be', 'built', 'here', 'for', 'cars', 'sold', 'here']"
79,Busy week planned with a heavy focus on jobs and national security. Top executives coming in at 9:00 A.M. to talk manufacturing in America.,2017-01-23 06:38:16,181394,27232,823495059010109440,0.0003018380703583148,"['Busy', 'week', 'planned', 'with', 'a', 'heavy', 'focus', 'on', 'jobs', 'and', 'national', 'security', 'Top', 'executives', 'coming', 'in', 'at', '9', '00', 'A', 'M', 'to', 'talk', 'manufacturing', 'in', 'America']"
80,"Peaceful protests are a hallmark of our democracy. Even if I don't always agree, I recognize the rights of people to express their views.",2017-01-22 09:23:17,396856,83633,823174199036542980,0.2691701691333894,"['Peaceful', 'protests', 'are', 'a', 'hallmark', 'of', 'our', 'democracy', 'Even', 'if', 'I', ""don't"", 'always', 'agree', 'I', 'recognize', 'the', 'rights', 'of', 'people', 'to', 'express', 'their', 'views']"
81,"Wow, television ratings just out: 31 million people watched the Inauguration, 11 million more than the very good ratings from 4 years ago!",2017-01-22 07:51:36,221265,41014,823151124815507460,0.5466278362285395,"['Wow', 'television', 'ratings', 'just', 'out', '31', 'million', 'people', 'watched', 'the', 'Inauguration', '11', 'million', 'more', 'than', 'the', 'very', 'good', 'ratings', 'from', '4', 'years', 'ago']"
82,Watched protests yesterday but was under the impression that we just had an election! Why didn't these people vote? Celebs hurt cause badly.,2017-01-22 07:47:21,217194,47039,823150055418920960,4.9607140518097234e-05,"['Watched', 'protests', 'yesterday', 'but', 'was', 'under', 'the', 'impression', 'that', 'we', 'just', 'had', 'an', 'election', 'Why', ""didn't"", 'these', 'people', 'vote', 'Celebs', 'hurt', 'cause', 'badly']"
83,"Had a great meeting at CIA Headquarters yesterday, packed house, paid great respect to Wall, long standing ovations, amazing people. WIN!",2017-01-22 07:35:09,129519,17205,823146987117772800,0.9998870178399469,"['Had', 'a', 'great', 'meeting', 'at', 'CIA', 'Headquarters', 'yesterday', 'packed', 'house', 'paid', 'great', 'respect', 'to', 'Wall', 'long', 'standing', 'ovations', 'amazing', 'people', 'WIN']"
84,A fantastic day and evening in Washington D.C.Thank you to @FoxNews and so many other news outlets for the GREAT reviews of the speech!,2017-01-21 06:53:41,180277,23744,822774162011910144,0.4633595755479959,"['A', 'fantastic', 'day', 'and', 'evening', 'in', 'Washington', 'D', 'C', 'Thank', 'you', 'to', '@FoxNews', 'and', 'so', 'many', 'other', 'news', 'outlets', 'for', 'the', 'GREAT', 'reviews', 'of', 'the', 'speech']"
85,"TO ALL AMERICANS
https://www.facebook.com/DonaldTrump/posts/10158510987625725 …",2017-01-20 13:13:48,93582,16888,822507434396753921,0.034218551361877673,"['TO', 'ALL', 'AMERICANS', 'https://www.facebook.com/DonaldTrump/posts/10158510987625725', '…']"
86,"So to all Americans, in every city near and far, small and large, from mountain to mountain...https://www.facebook.com/DonaldTrump/posts/10158510880180725 …",2017-01-20 13:00:43,87688,14276,822504142178500608,0.01734692444776242,"['So', 'to', 'all', 'Americans', 'in', 'every', 'city', 'near', 'and', 'far', 'small', 'and', 'large', 'from', 'mountain', 'to', 'mountain', 'https://www.facebook.com/DonaldTrump/posts/10158510880180725', '…']"
87,It is time to remember that...https://www.facebook.com/DonaldTrump/posts/10158510858055725 …,2017-01-20 12:58:24,59819,9334,822503558369181697,0.5511445889916913,"['It', 'is', 'time', 'to', 'remember', 'that', 'https://www.facebook.com/DonaldTrump/posts/10158510858055725', '…']"
88,"We will follow two simple rules: BUY AMERICAN & HIRE AMERICAN!
#InaugurationDay #MAGA",2017-01-20 12:55:44,163795,38931,822502887477673984,0.772658384800118,"['We', 'will', 'follow', 'two', 'simple', 'rules', 'BUY', 'AMERICAN', 'HIRE', 'AMERICAN', '#InaugurationDay', '#MAGA']"
89,We will bring back our jobs. We will bring back our borders. We will bring back our wealth - and we will bring back our dreams!,2017-01-20 12:54:36,176537,38436,822502601304526848,0.9998930720958272,"['We', 'will', 'bring', 'back', 'our', 'jobs', 'We', 'will', 'bring', 'back', 'our', 'borders', 'We', 'will', 'bring', 'back', 'our', 'wealth', 'and', 'we', 'will', 'bring', 'back', 'our', 'dreams']"
90,"The forgotten men and women of our country will be forgotten no longer. From this moment on, it’s going to be #AmericaFirst",2017-01-20 12:54:00,150337,35900,822502450007515137,0.00036024343479407786,"['The', 'forgotten', 'men', 'and', 'women', 'of', 'our', 'country', 'will', 'be', 'forgotten', 'no', 'longer', 'From', 'this', 'moment', 'on', 'it', '’', 's', 'going', 'to', 'be', '#AmericaFirst']"
91,"January 20th 2017, will be remembered as the day the people became the rulers of this nation again.",2017-01-20 12:53:17,221831,61986,822502270503972872,0.9637804923283553,"['January', '20', 'th', '2017,', 'will', 'be', 'remembered', 'as', 'the', 'day', 'the', 'people', 'became', 'the', 'rulers', 'of', 'this', 'nation', 'again']"
92,"What truly matters is not which party controls our government, but whether our government is controlled by the people.",2017-01-20 12:52:45,183079,43773,822502135233384448,0.11055642175833927,"['What', 'truly', 'matters', 'is', 'not', 'which', 'party', 'controls', 'our', 'government', 'but', 'whether', 'our', 'government', 'is', 'controlled', 'by', 'the', 'people']"
93,"power from Washington, D.C. and giving it back to you, the American People. #InaugurationDay",2017-01-20 12:51:58,92569,18819,822501939267141634,0.9496147619605965,"['power', 'from', 'Washington', 'D', 'C', 'and', 'giving', 'it', 'back', 'to', 'you', 'the', 'American', 'People', '#InaugurationDay']"
94,"Today we are not merely transferring power from one Administration to another, or from one party to another – but we are transferring...",2017-01-20 12:51:25,111282,20624,822501803615014918,0.00027476994280210306,"['Today', 'we', 'are', 'not', 'merely', 'transferring', 'power', 'from', 'one', 'Administration', 'to', 'another', 'or', 'from', 'one', 'party', 'to', 'another', '–', 'but', 'we', 'are', 'transferring']"
95,It all begins today! I will see you at 11:00 A.M. for the swearing-in. THE MOVEMENT CONTINUES - THE WORK BEGINS!,2017-01-20 07:31:53,272754,72553,822421390125043713,0.976868986922204,"['It', 'all', 'begins', 'today', 'I', 'will', 'see', 'you', 'at', '11', '00', 'A', 'M', 'for', 'the', 'swearing-in', 'THE', 'MOVEMENT', 'CONTINUES', 'THE', 'WORK', 'BEGINS']"
96,"Thank you for a wonderful evening in Washington, D.C. #Inaugurationpic.twitter.com/a6xpFQTHj5",2017-01-19 23:24:33,114547,21240,822298747421986828,0.991930759599383,"['Thank', 'you', 'for', 'a', 'wonderful', 'evening', 'in', 'Washington', 'D', 'C', '#Inaugurationpic', 'twitter', 'com', 'a6xpFQTHj5']"
97,"Thank you for joining us at the Lincoln Memorial tonight- a very special evening! Together, we are going to MAKE AMERICA GREAT AGAIN!pic.twitter.com/5d774OCx5o",2017-01-19 19:40:51,167947,34830,822242449053614081,0.8872289931980892,"['Thank', 'you', 'for', 'joining', 'us', 'at', 'the', 'Lincoln', 'Memorial', 'tonight', 'a', 'very', 'special', 'evening', 'Together', 'we', 'are', 'going', 'to', 'MAKE', 'AMERICA', 'GREAT', 'AGAIN', 'pic', 'twitter', 'com', '5', 'd774OCx5o']"
98,"Join me at 4pm over at the Lincoln Memorial with my family!
#Inauguration2017https://twitter.com/trumpinaugural/status/822161617425203203 …",2017-01-19 15:21:36,67111,12499,822177206633955328,0.031652262390572714,"['Join', 'me', 'at', '4', 'pm', 'over', 'at', 'the', 'Lincoln', 'Memorial', 'with', 'my', 'family', '#Inauguration2017https', ':/', 'twitter', 'com', 'trumpinaugural', 'status', '822161617425203203', '…']"
99,Great Concert at 4:00 P.M. today at Lincoln Memorial. Enjoy!,2017-01-19 15:18:32,66297,8541,822176438627536897,0.41104082733000114,"['Great', 'Concert', 'at', '4', '00', 'P', 'M', 'today', 'at', 'Lincoln', 'Memorial', 'Enjoy']"
100,On my way! #Inauguration2017https://twitter.com/trumpinaugural/status/822142520473829377 …,2017-01-19 15:13:57,57214,9059,822175285151928320,0.31729905949228154,"['On', 'my', 'way', '#Inauguration2017https', ':/', 'twitter', 'com', 'trumpinaugural', 'status', '822142520473829377', '…']"
101,"the American people. I have no doubt that we will, together, MAKE AMERICA GREAT AGAIN!",2017-01-19 08:02:18,162474,39759,822066653953458177,0.8818185086208836,"['the', 'American', 'people', 'I', 'have', 'no', 'doubt', 'that', 'we', 'will', 'together', 'MAKE', 'AMERICA', 'GREAT', 'AGAIN']"
102,"Getting ready to leave for Washington, D.C. The journey begins and I will be working and fighting very hard to make it a great journey for..",2017-01-19 08:00:13,152491,26261,822066132307808256,0.8199890123809713,"['Getting', 'ready', 'to', 'leave', 'for', 'Washington', 'D', 'C', 'The', 'journey', 'begins', 'and', 'I', 'will', 'be', 'working', 'and', 'fighting', 'very', 'hard', 'to', 'make', 'it', 'a', 'great', 'journey', 'for']"
103,"""It wasn't Donald Trump that divided this country, this country has been divided for a long time!"" Stated today by Reverend Franklin Graham.",2017-01-19 07:52:22,126893,28196,822064153426857984,3.998155986180774e-05,"['It', ""wasn't"", 'Donald', 'Trump', 'that', 'divided', 'this', 'country', 'this', 'country', 'has', 'been', 'divided', 'for', 'a', 'long', 'time', 'Stated', 'today', 'by', 'Reverend', 'Franklin', 'Graham']"
104,Thank you to our amazing Wounded Warriors for their service. It was an honor to be with them tonight in D.C. #Heroes https://www.facebook.com/DonaldTrump/posts/10158502102660725:0 …pic.twitter.com/wFXlWQ0XRr,2017-01-18 23:01:40,83529,16589,821930600290521089,0.9435033930440051,"['Thank', 'you', 'to', 'our', 'amazing', 'Wounded', 'Warriors', 'for', 'their', 'service', 'It', 'was', 'an', 'honor', 'to', 'be', 'with', 'them', 'tonight', 'in', 'D', 'C', '#Heroes', 'https://www.facebook.com/DonaldTrump/posts/10158502102660725:0', '…', 'pic', 'twitter', 'com', 'wFXlWQ', '0', 'XRr']"
105,Great seeing @TheLeeGreenwood  and Kimberly at this evenings VP dinner! #GodBlessTheUSApic.twitter.com/SxVmaWvOFT,2017-01-18 20:54:13,65539,10197,821898525432811520,0.9983372826968019,"['Great', 'seeing', '@TheLeeGreenwood', 'and', 'Kimberly', 'at', 'this', 'evenings', 'VP', 'dinner', '#GodBlessTheUSApic', 'twitter', 'com', 'SxVmaWvOFT']"
106,"Looking forward to a speedy recovery for George and Barbara Bush, both hospitalized. Thank you for your wonderful letter!",2017-01-18 17:21:02,137843,21517,821844875268255744,0.9847985643514728,"['Looking', 'forward', 'to', 'a', 'speedy', 'recovery', 'for', 'George', 'and', 'Barbara', 'Bush', 'both', 'hospitalized', 'Thank', 'you', 'for', 'your', 'wonderful', 'letter']"
107,"Writing my inaugural address at the Winter White House, Mar-a-Lago, three weeks ago. Looking forward to Friday. #Inaugurationpic.twitter.com/S701FdTCQu",2017-01-18 12:33:25,109453,21552,821772494864580614,0.011211266920912993,"['Writing', 'my', 'inaugural', 'address', 'at', 'the', 'Winter', 'White', 'House', 'Mar-a-Lago', 'three', 'weeks', 'ago', 'Looking', 'forward', 'to', 'Friday', '#Inaugurationpic', 'twitter', 'com', 'S701FdTCQu']"
108,.@TheAlabamaBand was great last night in D.C. playing for 147 Diplomats and Ambassadors from countries around the world. Thanks Alabama!,2017-01-18 09:03:53,66707,11538,821719763214880769,0.18106831454068195,"['@TheAlabamaBand', 'was', 'great', 'last', 'night', 'in', 'D', 'C', 'playing', 'for', '147', 'Diplomats', 'and', 'Ambassadors', 'from', 'countries', 'around', 'the', 'world', 'Thanks', 'Alabama']"
109,No wonder the Today Show on biased @NBC is doing so badly compared to its glorious past. Little credibility!,2017-01-18 08:06:58,58209,10793,821705440178348033,0.0036475854694050128,"['No', 'wonder', 'the', 'Today', 'Show', 'on', 'biased', '@NBC', 'is', 'doing', 'so', 'badly', 'compared', 'to', 'its', 'glorious', 'past', 'Little', 'credibility']"
110,"""Bayer AG has pledged to add U.S. jobs and investments after meeting with President-elect Donald Trump, the latest in a string..."" @WSJ",2017-01-18 08:00:51,58963,12162,821703902940827648,0.0018040946889900222,"['Bayer', 'AG', 'has', 'pledged', 'to', 'add', 'U', 'S', 'jobs', 'and', 'investments', 'after', 'meeting', 'with', 'President-elect', 'Donald', 'Trump', 'the', 'latest', 'in', 'a', 'string', '@WSJ']"
111,"to the U.S., but had nothing to do with TRUMP, is more FAKE NEWS. Ask top CEO's of those companies for real facts. Came back because of me!",2017-01-18 07:44:03,58713,11721,821699672687448064,0.018132648025108854,"['to', 'the', 'U', 'S', 'but', 'had', 'nothing', 'to', 'do', 'with', 'TRUMP', 'is', 'more', 'FAKE', 'NEWS', 'Ask', 'top', ""CEO's"", 'of', 'those', 'companies', 'for', 'real', 'facts', 'Came', 'back', 'because', 'of', 'me']"
112,"Totally biased @NBCNews went out of its way to say that the big announcement from Ford, G.M., Lockheed & others that jobs are coming back...",2017-01-18 07:34:09,48848,10370,821697182235496450,0.0029837949854014867,"['Totally', 'biased', '@NBCNews', 'went', 'out', 'of', 'its', 'way', 'to', 'say', 'that', 'the', 'big', 'announcement', 'from', 'Ford', 'G', 'M', 'Lockheed', 'others', 'that', 'jobs', 'are', 'coming', 'back']"
113,Will be interviewed by @ainsleyearhardt on @foxandfriends - Enjoy!,2017-01-18 06:53:24,37944,5720,821686928680583169,0.7175826732370048,"['Will', 'be', 'interviewed', 'by', '@ainsleyearhardt', 'on', '@foxandfriends', 'Enjoy']"
114,Thank you to General Motors and Walmart for starting the big jobs push back into the U.S.!,2017-01-17 12:55:38,105719,21930,821415698278875137,0.9359108233062436,"['Thank', 'you', 'to', 'General', 'Motors', 'and', 'Walmart', 'for', 'starting', 'the', 'big', 'jobs', 'push', 'back', 'into', 'the', 'U', 'S']"
115,"""How Trump Won--And How The Media Missed It""http://www.breitbart.com/big-journalism/2017/01/16/media-covered-trump-without-listening-voters/ …",2017-01-17 12:36:45,43541,11660,821410947864653825,0.0007072207631339238,"['How', 'Trump', 'Won--And', 'How', 'The', 'Media', 'Missed', 'It', 'http://www.breitbart.com/big-journalism/2017/01/16/media-covered-trump-without-listening-voters/', '…']"
116,"""thought it would be hypocritical to attend Bush's swearing-in....he doesn't believe Bush is the true elected president."" Sound familiar! WP",2017-01-17 09:52:39,65300,14260,821369651968012288,0.000148986499177262,"['thought', 'it', 'would', 'be', 'hypocritical', 'to', 'attend', ""Bush's"", 'swearing-in', 'he', ""doesn't"", 'believe', 'Bush', 'is', 'the', 'true', 'elected', 'president', 'Sound', 'familiar', 'WP']"
117,"John Lewis said about my inauguration, ""It will be the first one that I've missed."" WRONG (or lie)! He boycotted Bush 43 also because he...",2017-01-17 09:46:27,68103,16540,821368088935432196,2.4128006084491834e-05,"['John', 'Lewis', 'said', 'about', 'my', 'inauguration', 'It', 'will', 'be', 'the', 'first', 'one', 'that', ""I've"", 'missed', 'WRONG', 'or', 'lie', 'He', 'boycotted', 'Bush', '43', 'also', 'because', 'he']"
118,"country and with the massive cost reductions I have negotiated on military purchases and more, I believe the people are seeing ""big stuff.""",2017-01-17 09:36:26,57133,10619,821365569366671360,0.411818953182759,"['country', 'and', 'with', 'the', 'massive', 'cost', 'reductions', 'I', 'have', 'negotiated', 'on', 'military', 'purchases', 'and', 'more', 'I', 'believe', 'the', 'people', 'are', 'seeing', 'big', 'stuff']"
119,"With all of the jobs I am bringing back into the U.S. (even before taking office), with all of the new auto plants coming back into our.....",2017-01-17 09:30:19,60065,11228,821364027506966532,0.013386282418029104,"['With', 'all', 'of', 'the', 'jobs', 'I', 'am', 'bringing', 'back', 'into', 'the', 'U', 'S', 'even', 'before', 'taking', 'office', 'with', 'all', 'of', 'the', 'new', 'auto', 'plants', 'coming', 'back', 'into', 'our']"
120,"The same people who did the phony election polls, and were so wrong, are now doing approval rating polls. They are rigged just like before.",2017-01-17 08:11:56,108673,24978,821344302651555840,1.5083922576892192e-10,"['The', 'same', 'people', 'who', 'did', 'the', 'phony', 'election', 'polls', 'and', 'were', 'so', 'wrong', 'are', 'now', 'doing', 'approval', 'rating', 'polls', 'They', 'are', 'rigged', 'just', 'like', 'before']"
121,"People are pouring into Washington in record numbers. Bikers for Trump are on their way. It will be a great Thursday, Friday and Saturday!",2017-01-17 08:05:10,122859,25495,821342600322043905,0.7858096462587708,"['People', 'are', 'pouring', 'into', 'Washington', 'in', 'record', 'numbers', 'Bikers', 'for', 'Trump', 'are', 'on', 'their', 'way', 'It', 'will', 'be', 'a', 'great', 'Thursday', 'Friday', 'and', 'Saturday']"
122,"""@drgoodspine: @realDonaldTrump @Ivanka Trump is great, a woman with real character and class.""",2017-01-16 21:08:21,47683,8322,821177307708661761,0.9901775294515293,"['@drgoodspine', '@realDonaldTrump', '@Ivanka', 'Trump', 'is', 'great', 'a', 'woman', 'with', 'real', 'character', 'and', 'class']"
123,"At 9:00 P.M. @CNN, of all places, is doing a Special Report on my daughter, Ivanka. Considering it is CNN, can't imagine it will be great!",2017-01-16 20:49:38,59198,11796,821172595869577220,0.18220715479898797,"['At', '9', '00', 'P', 'M', '@CNN', 'of', 'all', 'places', 'is', 'doing', 'a', 'Special', 'Report', 'on', 'my', 'daughter', 'Ivanka', 'Considering', 'it', 'is', 'CNN', ""can't"", 'imagine', 'it', 'will', 'be', 'great']"
124,"""@levisteveholt: @realDonaldTrump I appreciate your use of Twitter to keep us informed and maintain transparency."" Very dishonest media!",2017-01-16 20:42:18,62236,12730,821170750983995392,0.9969308469552882,"['@levisteveholt', '@realDonaldTrump', 'I', 'appreciate', 'your', 'use', 'of', 'Twitter', 'to', 'keep', 'us', 'informed', 'and', 'maintain', 'transparency', 'Very', 'dishonest', 'media']"
125,Celebrate Martin Luther King Day and all of the many wonderful things that he stood for. Honor him for being the great man that he was!,2017-01-16 08:54:52,164091,38843,820992721120854016,0.7580714933310908,"['Celebrate', 'Martin', 'Luther', 'King', 'Day', 'and', 'all', 'of', 'the', 'many', 'wonderful', 'things', 'that', 'he', 'stood', 'for', 'Honor', 'him', 'for', 'being', 'the', 'great', 'man', 'that', 'he', 'was']"
126,"much worse - just look at Syria (red line), Crimea, Ukraine and the build-up of Russian nukes. Not good! Was this the leaker of Fake News?",2017-01-15 19:29:05,60150,14295,820789938887294977,0.6974115966632304,"['much', 'worse', 'just', 'look', 'at', 'Syria', 'red', 'line', 'Crimea', 'Ukraine', 'and', 'the', 'build-up', 'of', 'Russian', 'nukes', 'Not', 'good', 'Was', 'this', 'the', 'leaker', 'of', 'Fake', 'News']"
127,".@FoxNews ""Outgoing CIA Chief, John Brennan, blasts Pres-Elect Trump on Russia threat. Does not fully understand."" Oh really, couldn't do...",2017-01-15 19:16:20,46241,11671,820786730257285120,0.001333395500760001,"['@FoxNews', 'Outgoing', 'CIA', 'Chief', 'John', 'Brennan', 'blasts', 'Pres-Elect', 'Trump', 'on', 'Russia', 'threat', 'Does', 'not', 'fully', 'understand', 'Oh', 'really', ""couldn't"", 'do']"
128,".@NBCNews is bad but Saturday Night Live is the worst of NBC. Not funny, cast is terrible, always a complete hit job. Really bad television!",2017-01-15 17:46:33,86450,19288,820764134857969666,0.0005036514008715625,"['@NBCNews', 'is', 'bad', 'but', 'Saturday', 'Night', 'Live', 'is', 'the', 'worst', 'of', 'NBC', 'Not', 'funny', 'cast', 'is', 'terrible', 'always', 'a', 'complete', 'hit', 'job', 'Really', 'bad', 'television']"
129,"about that...Those Intelligence chiefs made a mistake here, & when people make mistakes, they should APOLOGIZE."" Media should also apologize",2017-01-15 15:13:00,71761,15611,820725491812487170,0.00010373959112835414,"['about', 'that', 'Those', 'Intelligence', 'chiefs', 'made', 'a', 'mistake', 'here', 'when', 'people', 'make', 'mistakes', 'they', 'should', 'APOLOGIZE', 'Media', 'should', 'also', 'apologize']"
130,"Thank you to Bob Woodward who said, ""That is a garbage document...it never should have been presented...Trump's right to be upset (angry)...",2017-01-15 15:04:38,71003,16422,820723387995717632,0.0006762922060607615,"['Thank', 'you', 'to', 'Bob', 'Woodward', 'who', 'said', 'That', 'is', 'a', 'garbage', 'document', 'it', 'never', 'should', 'have', 'been', 'presented', ""Trump's"", 'right', 'to', 'be', 'upset', 'angry']"
131,"For many years our country has been divided, angry and untrusting. Many say it will never change, the hatred is too deep. IT WILL CHANGE!!!!",2017-01-15 14:00:21,130533,30193,820707210565132288,0.00034341133604754673,"['For', 'many', 'years', 'our', 'country', 'has', 'been', 'divided', 'angry', 'and', 'untrusting', 'Many', 'say', 'it', 'will', 'never', 'change', 'the', 'hatred', 'is', 'too', 'deep', 'IT', 'WILL', 'CHANGE']"
132,"will only get higher. Car companies and others, if they want to do business in our country, have to start making things here again. WIN!",2017-01-15 09:02:41,79825,15523,820632299037409280,0.0015216608323803376,"['will', 'only', 'get', 'higher', 'Car', 'companies', 'and', 'others', 'if', 'they', 'want', 'to', 'do', 'business', 'in', 'our', 'country', 'have', 'to', 'start', 'making', 'things', 'here', 'again', 'WIN']"
133,"The Democrats are most angry that so many Obama Democrats voted for me. With all of the jobs I am bringing back to our Nation, that number..",2017-01-15 08:59:29,80691,16494,820631495660408835,0.013470081734206423,"['The', 'Democrats', 'are', 'most', 'angry', 'that', 'so', 'many', 'Obama', 'Democrats', 'voted', 'for', 'me', 'With', 'all', 'of', 'the', 'jobs', 'I', 'am', 'bringing', 'back', 'to', 'our', 'Nation', 'that', 'number']"
134,"Inauguration Day is turning out to be even bigger than expected. January 20th, Washington D.C. Have fun!",2017-01-14 20:58:57,123753,25789,820450166331346944,0.700747679486088,"['Inauguration', 'Day', 'is', 'turning', 'out', 'to', 'be', 'even', 'bigger', 'than', 'expected', 'January', '20', 'th', 'Washington', 'D', 'C', 'Have', 'fun']"
135,Congressman John Lewis should finally focus on the burning and crime infested inner-cities of the U.S. I can use all the help I can get!,2017-01-14 19:22:01,97371,22566,820425770925338624,0.006749662496683031,"['Congressman', 'John', 'Lewis', 'should', 'finally', 'focus', 'on', 'the', 'burning', 'and', 'crime', 'infested', 'inner-cities', 'of', 'the', 'U', 'S', 'I', 'can', 'use', 'all', 'the', 'help', 'I', 'can', 'get']"
136,"INTELLIGENCE INSIDERS NOW CLAIM THE TRUMP DOSSIER IS ""A COMPLETE FRAUD!""  @OANN",2017-01-14 08:14:13,70001,19482,820257714362314753,0.12241747334645217,"['INTELLIGENCE', 'INSIDERS', 'NOW', 'CLAIM', 'THE', 'TRUMP', 'DOSSIER', 'IS', 'A', 'COMPLETE', 'FRAUD', '@OANN']"
137,"mention crime infested) rather than falsely complaining about the election results. All talk, talk, talk - no action or results. Sad!",2017-01-14 08:07:12,78558,16962,820255947956383744,0.0003864135638779294,"['mention', 'crime', 'infested', 'rather', 'than', 'falsely', 'complaining', 'about', 'the', 'election', 'results', 'All', 'talk', 'talk', 'talk', 'no', 'action', 'or', 'results', 'Sad']"
138,"Congressman John Lewis should spend more time on fixing and helping his district, which is in horrible shape and falling apart (not to......",2017-01-14 07:50:26,89869,21520,820251730407473153,0.0009717685420319107,"['Congressman', 'John', 'Lewis', 'should', 'spend', 'more', 'time', 'on', 'fixing', 'and', 'helping', 'his', 'district', 'which', 'is', 'in', 'horrible', 'shape', 'and', 'falling', 'apart', 'not', 'to']"
139,"A beautiful funeral today for a real NYC hero, Detective Steven McDonald. Our law enforcement community has my complete and total support.",2017-01-13 12:42:42,111449,21632,819962894616064001,0.21938302494828998,"['A', 'beautiful', 'funeral', 'today', 'for', 'a', 'real', 'NYC', 'hero', 'Detective', 'Steven', 'McDonald', 'Our', 'law', 'enforcement', 'community', 'has', 'my', 'complete', 'and', 'total', 'support']"
140,"The ""Unaffordable"" Care Act will soon be history!",2017-01-13 06:33:24,132402,30778,819869953692155904,0.5969868892102922,"['The', 'Unaffordable', 'Care', 'Act', 'will', 'soon', 'be', 'history']"
141,have been allowed to run - guilty as hell. They were VERY nice to her. She lost because she campaigned in the wrong states - no enthusiasm!,2017-01-13 06:25:54,68704,13727,819868066364461058,0.00018669231096220251,"['have', 'been', 'allowed', 'to', 'run', 'guilty', 'as', 'hell', 'They', 'were', 'VERY', 'nice', 'to', 'her', 'She', 'lost', 'because', 'she', 'campaigned', 'in', 'the', 'wrong', 'states', 'no', 'enthusiasm']"
142,What are Hillary Clinton's people complaining about with respect to the F.B.I. Based on the information they had she should never.....,2017-01-13 06:22:38,59291,13025,819867246352801792,0.9068085850773718,"['What', 'are', 'Hillary', ""Clinton's"", 'people', 'complaining', 'about', 'with', 'respect', 'to', 'the', 'F', 'B', 'I', 'Based', 'on', 'the', 'information', 'they', 'had', 'she', 'should', 'never']"
143,"released by ""Intelligence"" even knowing there is no proof, and never will be. My people will have a full report on hacking within 90 days!",2017-01-13 06:16:54,54867,12221,819865802849587200,0.00015770618413100956,"['released', 'by', 'Intelligence', 'even', 'knowing', 'there', 'is', 'no', 'proof', 'and', 'never', 'will', 'be', 'My', 'people', 'will', 'have', 'a', 'full', 'report', 'on', 'hacking', 'within', '90', 'days']"
144,"Totally made up facts by sleazebag political operatives, both Democrats and Republicans - FAKE NEWS! Russia says nothing exists. Probably...",2017-01-13 06:11:13,55715,12711,819864373988573184,0.3363447032882825,"['Totally', 'made', 'up', 'facts', 'by', 'sleazebag', 'political', 'operatives', 'both', 'Democrats', 'and', 'Republicans', 'FAKE', 'NEWS', 'Russia', 'says', 'nothing', 'exists', 'Probably']"
145,It now turns out that the phony allegations against me were put together by my political opponents and a failed spy afraid of being sued....,2017-01-13 06:05:55,74062,17643,819863039902097408,1.6580502418442713e-05,"['It', 'now', 'turns', 'out', 'that', 'the', 'phony', 'allegations', 'against', 'me', 'were', 'put', 'together', 'by', 'my', 'political', 'opponents', 'and', 'a', 'failed', 'spy', 'afraid', 'of', 'being', 'sued']"
146,"All of my Cabinet nominee are looking good and doing a great job. I want them to be themselves and express their own thoughts, not mine!",2017-01-13 05:49:34,82489,16992,819858926455967744,0.9995006392141126,"['All', 'of', 'my', 'Cabinet', 'nominee', 'are', 'looking', 'good', 'and', 'doing', 'a', 'great', 'job', 'I', 'want', 'them', 'to', 'be', 'themselves', 'and', 'express', 'their', 'own', 'thoughts', 'not', 'mine']"
147,Congrats to the Senate for taking the first step to #RepealObamacare- now it's onto the House! – at Trump Tower,2017-01-12 12:41:11,87708,19761,819600124133474307,0.5729834964979396,"['Congrats', 'to', 'the', 'Senate', 'for', 'taking', 'the', 'first', 'step', 'to', '#RepealObamacare', 'now', ""it's"", 'onto', 'the', 'House', '–', 'at', 'Trump', 'Tower']"
148,.@CNN is in a total meltdown with their FAKE NEWS because their ratings are tanking since election and their credibility will soon be gone!,2017-01-12 09:22:21,130509,36207,819550083742109696,0.2146674807355802,"['@CNN', 'is', 'in', 'a', 'total', 'meltdown', 'with', 'their', 'FAKE', 'NEWS', 'because', 'their', 'ratings', 'are', 'tanking', 'since', 'election', 'and', 'their', 'credibility', 'will', 'soon', 'be', 'gone']"
149,Thank you to Linda Bean of L.L.Bean for your great support and courage. People will support you even more now. Buy L.L.Bean. @LBPerfectMaine,2017-01-12 08:50:13,94415,21911,819541997325316096,0.9994026325629712,"['Thank', 'you', 'to', 'Linda', 'Bean', 'of', 'L', 'L', 'Bean', 'for', 'your', 'great', 'support', 'and', 'courage', 'People', 'will', 'support', 'you', 'even', 'more', 'now', 'Buy', 'L', 'L', 'Bean', '@LBPerfectMaine']"
150,"James Clapper called me yesterday to denounce the false and fictitious report that was illegally circulated. Made up, phony facts.Too bad!",2017-01-12 07:23:45,73172,17550,819520238446411777,9.111674080944714e-05,"['James', 'Clapper', 'called', 'me', 'yesterday', 'to', 'denounce', 'the', 'false', 'and', 'fictitious', 'report', 'that', 'was', 'illegally', 'circulated', 'Made', 'up', 'phony', 'facts', 'Too', 'bad']"
151,"""@zhu_amy3: @realDonaldTrump It's Morning in America again!!!  Thank you President-Elect Donald Trump!!! So proud of you!!!!"" THANKS!",2017-01-11 23:24:52,53288,9571,819399723924803585,0.9993344903652054,"['@zhu_amy3', '@realDonaldTrump', ""It's"", 'Morning', 'in', 'America', 'again', 'Thank', 'you', 'President-Elect', 'Donald', 'Trump', 'So', 'proud', 'of', 'you', 'THANKS']"
152,We had a great News Conference at Trump Tower today. A couple of FAKE NEWS organizations were there but the people truly get what's going on,2017-01-11 23:01:38,120329,28865,819393877174087682,0.8581454841416906,"['We', 'had', 'a', 'great', 'News', 'Conference', 'at', 'Trump', 'Tower', 'today', 'A', 'couple', 'of', 'FAKE', 'NEWS', 'organizations', 'were', 'there', 'but', 'the', 'people', 'truly', 'get', ""what's"", 'going', 'on']"
153,"Intelligence agencies should never have allowed this fake news to ""leak"" into the public. One last shot at me.Are we living in Nazi Germany?",2017-01-11 07:48:52,110375,32176,819164172781060096,1.3022033798938659e-05,"['Intelligence', 'agencies', 'should', 'never', 'have', 'allowed', 'this', 'fake', 'news', 'to', 'leak', 'into', 'the', 'public', 'One', 'last', 'shot', 'at', 'me', 'Are', 'we', 'living', 'in', 'Nazi', 'Germany']"
154,"I win an election easily, a great ""movement"" is verified, and crooked opponents try to belittle our victory with FAKE NEWS. A sorry state!",2017-01-11 07:44:05,117632,29358,819162968592183298,0.5679230182440638,"['I', 'win', 'an', 'election', 'easily', 'a', 'great', 'movement', 'is', 'verified', 'and', 'crooked', 'opponents', 'try', 'to', 'belittle', 'our', 'victory', 'with', 'FAKE', 'NEWS', 'A', 'sorry', 'state']"
155,"Russia has never tried to use leverage over me. I HAVE NOTHING TO DO WITH RUSSIA - NO DEALS, NO LOANS, NO NOTHING!",2017-01-11 07:31:31,87214,23739,819159806489591809,0.003022214968205169,"['Russia', 'has', 'never', 'tried', 'to', 'use', 'leverage', 'over', 'me', 'I', 'HAVE', 'NOTHING', 'TO', 'DO', 'WITH', 'RUSSIA', 'NO', 'DEALS', 'NO', 'LOANS', 'NO', 'NOTHING']"
156,"Russia just said the unverified report paid for by political opponents is ""A COMPLETE AND TOTAL FABRICATION, UTTER NONSENSE."" Very unfair!",2017-01-11 07:13:40,67624,17900,819155311793700865,0.008849972174747325,"['Russia', 'just', 'said', 'the', 'unverified', 'report', 'paid', 'for', 'by', 'political', 'opponents', 'is', 'A', 'COMPLETE', 'AND', 'TOTAL', 'FABRICATION', 'UTTER', 'NONSENSE', 'Very', 'unfair']"
157,'BuzzFeed Runs Unverifiable Trump-Russia Claims' #FakeNewshttp://www.lifezette.com/polizette/buzzfeed-runs-error-laden-unverifiable-trump-russia-claim/ …,2017-01-10 21:00:11,46368,15406,819000924207251456,0.010498808744390667,"['BuzzFeed', 'Runs', 'Unverifiable', 'Trump-Russia', 'Claims', '#FakeNewshttp', ':/', 'www', 'lifezette', 'com', 'polizette', 'buzzfeed-runs-error-laden-unverifiable-trump-russia-claim', '…']"
158,FAKE NEWS - A TOTAL POLITICAL WITCH HUNT!,2017-01-10 20:19:23,96442,30157,818990655418617856,0.6854028387652519,"['FAKE', 'NEWS', 'A', 'TOTAL', 'POLITICAL', 'WITCH', 'HUNT']"
159,"'Trump Helps Lift Small Business Confidence to 12-Yr. High'
http://bit.ly/2j5gad2FOXBusiness …pic.twitter.com/CWAvJ4fRdx – at Trump Tower",2017-01-10 17:30:53,44171,10676,818948254943604736,0.26480838379600835,"['Trump', 'Helps', 'Lift', 'Small', 'Business', 'Confidence', 'to', '12', 'Yr', 'High', 'http://bit.ly/2j5gad2FOXBusiness', '…', 'pic', 'twitter', 'com', 'CWAvJ', '4', 'fRdx', '–', 'at', 'Trump', 'Tower']"
160,'Small business optimism soars after Trump election'http://www.cnbc.com/2017/01/10/small-business-optimism-soars-after-trump-election.html … – at Trump Tower,2017-01-10 15:50:31,50584,12055,818922995980845056,0.2679370165401706,"['Small', 'business', 'optimism', 'soars', 'after', 'Trump', ""election'http"", ':/', 'www', 'cnbc', 'com', '2017', '01', '10', 'small-business-optimism-soars-after-trump-election', 'html', '…', '–', 'at', 'Trump', 'Tower']"
161,'U.S. Small-Business Optimism Index Surges by Most Since 1980'https://www.bloomberg.com/news/articles/2017-01-10/u-s-small-business-optimism-index-surges-by-most-since-1980 …,2017-01-10 10:26:22,42774,11404,818841421364989952,0.1888269936325896,"['U', 'S', 'Small-Business', 'Optimism', 'Index', 'Surges', 'by', 'Most', 'Since', '1980', 'https://www.bloomberg.com/news/articles/2017-01-10/u-s-small-business-optimism-index-surges-by-most-since-1980', '…']"
162,"Thank you to all of the men and women who protect & serve our communities 24/7/365! 
#LawEnforcementAppreciationDay
https://www.facebook.com/DonaldTrump/posts/10158443103370725:0 …pic.twitter.com/ySRNaF9Nvz",2017-01-09 21:20:01,94568,23514,818643528905621504,0.12056889152044917,"['Thank', 'you', 'to', 'all', 'of', 'the', 'men', 'and', 'women', 'who', 'protect', 'serve', 'our', 'communities', '24', '7', '365', '#LawEnforcementAppreciationDay', 'https://www.facebook.com/DonaldTrump/posts/10158443103370725:0', '…', 'pic', 'twitter', 'com', 'ySRNaF', '9', 'Nvz']"
163,An old picture with Nancy and Ronald Reagan.pic.twitter.com/8kvQ1PzPAf,2017-01-09 17:32:33,125657,25466,818586286034485250,0.9682961439121485,"['An', 'old', 'picture', 'with', 'Nancy', 'and', 'Ronald', 'Reagan', 'pic', 'twitter', 'com', '8', 'kvQ', '1', 'PzPAf']"
164,Ford said last week that it will expand in Michigan and U.S. instead of building a BILLION dollar plant in Mexico. Thank you Ford & Fiat C!,2017-01-09 09:16:34,111751,23980,818461467766824961,0.002608794175523009,"['Ford', 'said', 'last', 'week', 'that', 'it', 'will', 'expand', 'in', 'Michigan', 'and', 'U', 'S', 'instead', 'of', 'building', 'a', 'BILLION', 'dollar', 'plant', 'in', 'Mexico', 'Thank', 'you', 'Ford', 'Fiat', 'C']"
165,"It's finally happening - Fiat Chrysler just announced plans to invest $1BILLION in Michigan and Ohio plants, adding 2000 jobs. This after...",2017-01-09 09:14:10,102860,23874,818460862675558400,0.17057325201123036,"[""It's"", 'finally', 'happening', 'Fiat', 'Chrysler', 'just', 'announced', 'plans', 'to', 'invest', '1', 'BILLION', 'in', 'Michigan', 'and', 'Ohio', 'plants', 'adding', '2000', 'jobs', 'This', 'after']"
166,"""groveling"" when he totally changed a 16 year old story that he had written in order to make me look bad. Just more very dishonest media!",2017-01-09 06:43:26,70702,16504,818422930157830144,2.3630705625622965e-06,"['groveling', 'when', 'he', 'totally', 'changed', 'a', '16', 'year', 'old', 'story', 'that', 'he', 'had', 'written', 'in', 'order', 'to', 'make', 'me', 'look', 'bad', 'Just', 'more', 'very', 'dishonest', 'media']"
167,"Hillary flunky who lost big. For the 100th time, I never ""mocked"" a disabled reporter (would never do that) but simply showed him.......",2017-01-09 06:36:02,86034,21920,818421066859167746,2.076039121895296e-05,"['Hillary', 'flunky', 'who', 'lost', 'big', 'For', 'the', '100', 'th', 'time', 'I', 'never', 'mocked', 'a', 'disabled', 'reporter', 'would', 'never', 'do', 'that', 'but', 'simply', 'showed', 'him']"
168,"Meryl Streep, one of the most over-rated actresses in Hollywood, doesn't know me but attacked last night at the Golden Globes. She is a.....",2017-01-09 06:27:50,125890,38567,818419002548568064,4.114626566921717e-05,"['Meryl', 'Streep', 'one', 'of', 'the', 'most', 'over-rated', 'actresses', 'in', 'Hollywood', ""doesn't"", 'know', 'me', 'but', 'attacked', 'last', 'night', 'at', 'the', 'Golden', 'Globes', 'She', 'is', 'a']"
169,Rupert Murdoch is a great guy who likes me much better as a very successful candidate than he ever did as a very successful developer!,2017-01-09 06:17:40,38442,7433,818416446527172608,0.9980447019903682,"['Rupert', 'Murdoch', 'is', 'a', 'great', 'guy', 'who', 'likes', 'me', 'much', 'better', 'as', 'a', 'very', 'successful', 'candidate', 'than', 'he', 'ever', 'did', 'as', 'a', 'very', 'successful', 'developer']"
170,Dishonest media says Mexico won't be paying for the wall if they pay a little later so the wall can be built more quickly. Media is fake!,2017-01-08 23:05:31,80083,19622,818307689323368448,0.000281984259081017,"['Dishonest', 'media', 'says', 'Mexico', ""won't"", 'be', 'paying', 'for', 'the', 'wall', 'if', 'they', 'pay', 'a', 'little', 'later', 'so', 'the', 'wall', 'can', 'be', 'built', 'more', 'quickly', 'Media', 'is', 'fake']"
171,"Before I, or anyone, saw the classified and/or highly confidential hacking intelligence report, it was leaked out to @NBCNews. So serious!",2017-01-08 13:56:20,75674,21019,818169485169410048,0.0535602728401517,"['Before', 'I', 'or', 'anyone', 'saw', 'the', 'classified', 'and', 'or', 'highly', 'confidential', 'hacking', 'intelligence', 'report', 'it', 'was', 'leaked', 'out', 'to', '@NBCNews', 'So', 'serious']"
172,Kellyanne Conway went to @MeetThePress this morning for an interview with @chucktodd. Dishonest media cut out 9 of her 10 minutes. Terrible!,2017-01-08 11:46:07,59456,18351,818136714396975104,0.00010381471396135472,"['Kellyanne', 'Conway', 'went', 'to', '@MeetThePress', 'this', 'morning', 'for', 'an', 'interview', 'with', '@chucktodd', 'Dishonest', 'media', 'cut', 'out', '9', 'of', 'her', '10', 'minutes', 'Terrible']"
173,"""@FoxNews: ""We certainly don’t want intelligence interfering with politics and we don’t want politics interfe… https://twitter.com/i/web/status/817542630682796033 …""",2017-01-08 11:39:14,35724,8171,818134981344165888,0.46320893142630487,"['@FoxNews', 'We', 'certainly', 'don', '’', 't', 'want', 'intelligence', 'interfering', 'with', 'politics', 'and', 'we', 'don', '’', 't', 'want', 'politics', 'interfe', '…', 'https://twitter.com/i/web/status/817542630682796033', '…']"
174,"""@KellyannePolls: Welcome to President and Mrs. Bush.  
http://thehill.com/blogs/blog-briefing-room/news/312525-george-w-bush-to-attend-trumps-inauguration#.WGvveimVlvw.twitter …"" Very nice!",2017-01-08 11:36:46,29189,5505,818134360712953858,0.4505212569885006,"['@KellyannePolls', 'Welcome', 'to', 'President', 'and', 'Mrs', 'Bush', 'http://thehill.com/blogs/blog-briefing-room/news/312525-george-w-bush-to-attend-trumps-inauguration', 'WGvveimVlvw', 'twitter', '…', 'Very', 'nice']"
175,"I look very much forward to meeting Prime Minister Theresa May in Washington in the Spring. Britain, a longtime U.S. ally, is very special!",2017-01-07 21:07:09,87014,17708,817915516018892805,0.9994371037429873,"['I', 'look', 'very', 'much', 'forward', 'to', 'meeting', 'Prime', 'Minister', 'Theresa', 'May', 'in', 'Washington', 'in', 'the', 'Spring', 'Britain', 'a', 'longtime', 'U', 'S', 'ally', 'is', 'very', 'special']"
176,Congratulation to Jane Timken on her major upset victory in becoming the Ohio Republican Party Chair. Jane is a loyal Trump supporter & star,2017-01-07 18:54:05,66511,12389,817882028272128001,0.9085657882462145,"['Congratulation', 'to', 'Jane', 'Timken', 'on', 'her', 'major', 'upset', 'victory', 'in', 'becoming', 'the', 'Ohio', 'Republican', 'Party', 'Chair', 'Jane', 'is', 'a', 'loyal', 'Trump', 'supporter', 'star']"
177,"both countries will, perhaps, work together to solve some of the many great and pressing problems and issues of the WORLD!",2017-01-07 10:21:42,71615,16726,817753083707015168,0.9601525232488994,"['both', 'countries', 'will', 'perhaps', 'work', 'together', 'to', 'solve', 'some', 'of', 'the', 'many', 'great', 'and', 'pressing', 'problems', 'and', 'issues', 'of', 'the', 'WORLD']"
178,"have enough problems around the world without yet another one. When I am President, Russia will respect us far more than they do now and....",2017-01-07 10:10:46,80043,19105,817750330196819968,0.039404769338254104,"['have', 'enough', 'problems', 'around', 'the', 'world', 'without', 'yet', 'another', 'one', 'When', 'I', 'am', 'President', 'Russia', 'will', 'respect', 'us', 'far', 'more', 'than', 'they', 'do', 'now', 'and']"
179,"Having a good relationship with Russia is a good thing, not a bad thing. Only ""stupid"" people, or fools, would think that it is bad! We.....",2017-01-07 10:02:20,103193,30138,817748207694467072,0.7592399351026782,"['Having', 'a', 'good', 'relationship', 'with', 'Russia', 'is', 'a', 'good', 'thing', 'not', 'a', 'bad', 'thing', 'Only', 'stupid', 'people', 'or', 'fools', 'would', 'think', 'that', 'it', 'is', 'bad', 'We']"
180,Only reason the hacking of the poorly defended DNC is discussed is that the loss by the Dems was so big that they are totally embarrassed!,2017-01-07 07:03:31,85809,20219,817703208567078913,4.704849174408874e-05,"['Only', 'reason', 'the', 'hacking', 'of', 'the', 'poorly', 'defended', 'DNC', 'is', 'discussed', 'is', 'that', 'the', 'loss', 'by', 'the', 'Dems', 'was', 'so', 'big', 'that', 'they', 'are', 'totally', 'embarrassed']"
181,Intelligence stated very strongly there was absolutely no evidence that hacking affected the election results. Voting machines not touched!,2017-01-07 06:56:29,70528,18685,817701436096126977,0.04515151136414545,"['Intelligence', 'stated', 'very', 'strongly', 'there', 'was', 'absolutely', 'no', 'evidence', 'that', 'hacking', 'affected', 'the', 'election', 'results', 'Voting', 'machines', 'not', 'touched']"
182,Gross negligence by the Democratic National Committee allowed hacking to take place.The Republican National Committee had strong defense!,2017-01-06 22:53:38,69211,16772,817579925771341825,0.9308856586333575,"['Gross', 'negligence', 'by', 'the', 'Democratic', 'National', 'Committee', 'allowed', 'hacking', 'to', 'take', 'place', 'The', 'Republican', 'National', 'Committee', 'had', 'strong', 'defense']"
183,"Happy Birthday @EricTrump!
https://www.facebook.com/DonaldTrump/posts/10158426170160725:0 …",2017-01-06 19:07:09,49199,7872,817522928862502913,0.8904618669027395,"['Happy', 'Birthday', '@EricTrump', 'https://www.facebook.com/DonaldTrump/posts/10158426170160725:0', '…']"
184,Monitoring the terrible situation in Florida. Just spoke to Governor Scott. Thoughts and prayers for all. Stay safe!,2017-01-06 14:30:09,98359,22746,817453219613917185,0.0018356542236844277,"['Monitoring', 'the', 'terrible', 'situation', 'in', 'Florida', 'Just', 'spoke', 'to', 'Governor', 'Scott', 'Thoughts', 'and', 'prayers', 'for', 'all', 'Stay', 'safe']"
185,I am asking the chairs of the House and Senate committees to investigate top secret intelligence shared with NBC prior to me seeing it.,2017-01-06 11:51:37,94613,26452,817413321058029568,0.9404235645939263,"['I', 'am', 'asking', 'the', 'chairs', 'of', 'the', 'House', 'and', 'Senate', 'committees', 'to', 'investigate', 'top', 'secret', 'intelligence', 'shared', 'with', 'NBC', 'prior', 'to', 'me', 'seeing', 'it']"
186,"Anna Wintour came to my office at Trump Tower to ask me to meet with the editors of Conde Nast & Steven Newhouse, a friend. Will go this AM.",2017-01-06 09:18:51,35608,6596,817374875962769408,0.02109002482250445,"['Anna', 'Wintour', 'came', 'to', 'my', 'office', 'at', 'Trump', 'Tower', 'to', 'ask', 'me', 'to', 'meet', 'with', 'the', 'editors', 'of', 'Conde', 'Nast', 'Steven', 'Newhouse', 'a', 'friend', 'Will', 'go', 'this', 'AM']"
187,"being a movie star-and that was season 1 compared to season 14. Now compare him to my season 1. But who cares, he supported Kasich & Hillary",2017-01-06 07:42:53,41879,9011,817350726800306177,0.00014259576804969722,"['being', 'a', 'movie', 'star-and', 'that', 'was', 'season', '1', 'compared', 'to', 'season', '14', 'Now', 'compare', 'him', 'to', 'my', 'season', '1', 'But', 'who', 'cares', 'he', 'supported', 'Kasich', 'Hillary']"
188,"Wow, the ratings are in and Arnold Schwarzenegger got ""swamped"" (or destroyed) by comparison to the ratings machine, DJT. So much for....",2017-01-06 07:34:37,39769,9519,817348644647108609,0.006910224726000102,"['Wow', 'the', 'ratings', 'are', 'in', 'and', 'Arnold', 'Schwarzenegger', 'got', 'swamped', 'or', 'destroyed', 'by', 'comparison', 'to', 'the', 'ratings', 'machine', 'DJT', 'So', 'much', 'for']"
189,"Hopefully, all supporters, and those who want to MAKE AMERICA GREAT AGAIN, will go to D.C. on January 20th. It will be a GREAT SHOW!",2017-01-06 07:05:01,67501,14709,817341196251070464,0.5811138325982138,"['Hopefully', 'all', 'supporters', 'and', 'those', 'who', 'want', 'to', 'MAKE', 'AMERICA', 'GREAT', 'AGAIN', 'will', 'go', 'to', 'D', 'C', 'on', 'January', '20', 'th', 'It', 'will', 'be', 'a', 'GREAT', 'SHOW']"
190,and knew they were in big trouble - which is why they cancelled their big fireworks at the last minute.THEY SAW A MOVEMENT LIKE NEVER BEFORE,2017-01-06 06:45:47,42438,8438,817336355193753600,0.0002534364378245814,"['and', 'knew', 'they', 'were', 'in', 'big', 'trouble', 'which', 'is', 'why', 'they', 'cancelled', 'their', 'big', 'fireworks', 'at', 'the', 'last', 'minute', 'THEY', 'SAW', 'A', 'MOVEMENT', 'LIKE', 'NEVER', 'BEFORE']"
191,Hillary and the Dems were never going to beat the PASSION of my voters. They saw what was happening in the last two weeks before the......,2017-01-06 06:39:35,52431,10789,817334794958807042,0.00010314518491687195,"['Hillary', 'and', 'the', 'Dems', 'were', 'never', 'going', 'to', 'beat', 'the', 'PASSION', 'of', 'my', 'voters', 'They', 'saw', 'what', 'was', 'happening', 'in', 'the', 'last', 'two', 'weeks', 'before', 'the']"
192,"The dishonest media does not report that any money spent on building the Great Wall (for sake of speed), will be paid back by Mexico later!",2017-01-06 06:19:49,67264,19564,817329823374831617,3.265881869833078e-06,"['The', 'dishonest', 'media', 'does', 'not', 'report', 'that', 'any', 'money', 'spent', 'on', 'building', 'the', 'Great', 'Wall', 'for', 'sake', 'of', 'speed', 'will', 'be', 'paid', 'back', 'by', 'Mexico', 'later']"
193,So how and why are they so sure about hacking if they never even requested an examination of the computer servers? What is going on?,2017-01-05 19:40:03,72498,21142,817168818539757568,2.028331625713249e-05,"['So', 'how', 'and', 'why', 'are', 'they', 'so', 'sure', 'about', 'hacking', 'if', 'they', 'never', 'even', 'requested', 'an', 'examination', 'of', 'the', 'computer', 'servers', 'What', 'is', 'going', 'on']"
194,The Democratic National Committee would not allow the FBI to study or see its computer info after it was supposedly hacked by Russia......,2017-01-05 19:30:15,58353,19124,817166353266262016,0.17980201771883497,"['The', 'Democratic', 'National', 'Committee', 'would', 'not', 'allow', 'the', 'FBI', 'to', 'study', 'or', 'see', 'its', 'computer', 'info', 'after', 'it', 'was', 'supposedly', 'hacked', 'by', 'Russia']"
195,"How did NBC get ""an exclusive look into the top secret report he (Obama) was presented?"" Who gave them this report and why? Politics!",2017-01-05 19:24:34,69526,21037,817164923843280896,0.0003902898023910415,"['How', 'did', 'NBC', 'get', 'an', 'exclusive', 'look', 'into', 'the', 'top', 'secret', 'report', 'he', 'Obama', 'was', 'presented', 'Who', 'gave', 'them', 'this', 'report', 'and', 'why', 'Politics']"
196,"Toyota Motor said will build a new plant in Baja, Mexico, to build Corolla cars for U.S. NO WAY! Build plant in U.S. or pay big border tax.",2017-01-05 13:14:30,110189,33075,817071792711942145,0.637421086584075,"['Toyota', 'Motor', 'said', 'will', 'build', 'a', 'new', 'plant', 'in', 'Baja', 'Mexico', 'to', 'build', 'Corolla', 'cars', 'for', 'U', 'S', 'NO', 'WAY', 'Build', 'plant', 'in', 'U', 'S', 'or', 'pay', 'big', 'border', 'tax']"
197,"to make up their own minds as to the truth. The media lies to make it look like I am against ""Intelligence"" when in fact I am a big fan!",2017-01-05 08:45:57,69265,15671,817004210529116160,0.9614223997897021,"['to', 'make', 'up', 'their', 'own', 'minds', 'as', 'to', 'the', 'truth', 'The', 'media', 'lies', 'to', 'make', 'it', 'look', 'like', 'I', 'am', 'against', 'Intelligence', 'when', 'in', 'fact', 'I', 'am', 'a', 'big', 'fan']"
198,"The dishonest media likes saying that I am in Agreement with Julian Assange - wrong. I simply state what he states, it is for the people....",2017-01-05 08:25:30,63742,16669,816999062562107392,0.00020744690607458197,"['The', 'dishonest', 'media', 'likes', 'saying', 'that', 'I', 'am', 'in', 'Agreement', 'with', 'Julian', 'Assange', 'wrong', 'I', 'simply', 'state', 'what', 'he', 'states', 'it', 'is', 'for', 'the', 'people']"
199,...time for Republicans & Democrats to get together and come up with a healthcare plan that really works - much less expensive & FAR BETTER!,2017-01-05 07:06:42,79712,16900,816979231217483776,0.5444396402752036,"['time', 'for', 'Republicans', 'Democrats', 'to', 'get', 'together', 'and', 'come', 'up', 'with', 'a', 'healthcare', 'plan', 'that', 'really', 'works', 'much', 'less', 'expensive', 'FAR', 'BETTER']"
